Time;Channel B
(ms);(V)

-12,04817742;0,17136140
-12,00721742;0,17136140
-11,96625742;0,17136140
-11,92529742;0,17136140
-11,88433742;0,18027280
-11,84337742;0,17136140
-11,80241742;0,18027280
-11,76145742;0,18918420
-11,72049742;0,18027280
-11,67953742;0,17136140
-11,63857742;0,18027280
-11,59761742;0,18027280
-11,55665742;0,18027280
-11,51569742;0,18027280
-11,47473742;0,18027280
-11,43377742;0,18027280
-11,39281743;0,18027280
-11,35185743;0,18918420
-11,31089743;0,18918420
-11,26993743;0,18027280
-11,22897743;0,18027280
-11,18801743;0,18027280
-11,14705743;0,18918420
-11,10609743;0,18918420
-11,06513743;0,18027280
-11,02417743;0,18918420
-10,98321743;0,18918420
-10,94225743;0,18027280
-10,90129743;0,18918420
-10,86033743;0,18918420
-10,81937743;0,18918420
-10,77841743;0,18918420
-10,73745743;0,18918420
-10,69649743;0,18918420
-10,65553743;0,18027280
-10,61457743;0,18918420
-10,57361743;0,18918420
-10,53265743;0,18918420
-10,49169743;0,18918420
-10,45073743;0,18918420
-10,40977743;0,18918420
-10,36881743;0,18918420
-10,32785743;0,18918420
-10,28689743;0,18918420
-10,24593743;0,18918420
-10,20497743;0,18918420
-10,16401743;0,18918420
-10,12305743;0,18918420
-10,08209743;0,18918420
-10,04113743;0,18027280
-10,00017743;0,18918420
-9,95921743;0,18918420
-9,91825743;0,18918420
-9,87729743;0,18027280
-9,83633743;0,18027280
-9,79537743;0,18918420
-9,75441744;0,18027280
-9,71345744;0,18918420
-9,67249744;0,18918420
-9,63153744;0,18027280
-9,59057744;0,18918420
-9,54961744;0,18918420
-9,50865744;0,18918420
-9,46769744;0,18027280
-9,42673744;0,18918420
-9,38577744;0,18027280
-9,34481744;0,18027280
-9,30385744;0,18918420
-9,26289744;0,18027280
-9,22193744;0,18027280
-9,18097744;0,18027280
-9,14001744;0,18918420
-9,09905744;0,18918420
-9,05809744;0,18027280
-9,01713744;0,18027280
-8,97617744;0,18027280
-8,93521744;0,18027280
-8,89425744;0,18027280
-8,85329744;0,18027280
-8,81233744;0,18027280
-8,77137744;0,18027280
-8,73041744;0,18027280
-8,68945744;0,18027280
-8,64849744;0,17136140
-8,60753744;0,17136140
-8,56657744;0,18027280
-8,52561744;0,18027280
-8,48465744;0,18027280
-8,44369744;0,17136140
-8,40273744;0,17136140
-8,36177744;0,17136140
-8,32081744;0,17136140
-8,27985744;0,17136140
-8,23889744;0,17136140
-8,19793744;0,17136140
-8,15697744;0,17136140
-8,11601744;0,17136140
-8,07505745;0,17136140
-8,03409745;0,17136140
-7,99313745;0,17136140
-7,95217745;0,17136140
-7,91121745;0,17136140
-7,87025745;0,16241950
-7,82929745;0,16241950
-7,78833745;0,16241950
-7,74737745;0,16241950
-7,70641745;0,16241950
-7,66545745;0,16241950
-7,62449745;0,16241950
-7,58353745;0,15350810
-7,54257745;0,17136140
-7,50161745;0,16241950
-7,46065745;0,15350810
-7,41969745;0,15350810
-7,37873745;0,16241950
-7,33777745;0,16241950
-7,29681745;0,15350810
-7,25585745;0,15350810
-7,21489745;0,15350810
-7,17393745;0,15350810
-7,13297745;0,15350810
-7,09201745;0,15350810
-7,05105745;0,15350810
-7,01009745;0,14459670
-6,96913745;0,15350810
-6,92817745;0,15350810
-6,88721745;0,15350810
-6,84625745;0,14459670
-6,80529745;0,14459670
-6,76433745;0,14459670
-6,72337745;0,14459670
-6,68241745;0,14459670
-6,64145745;0,14459670
-6,60049745;0,14459670
-6,55953745;0,14459670
-6,51857745;0,14459670
-6,47761745;0,14459670
-6,43665746;0,14459670
-6,39569746;0,14459670
-6,35473746;0,14459670
-6,31377746;0,14459670
-6,27281746;0,13568530
-6,23185746;0,14459670
-6,19089746;0,14459670
-6,14993746;0,13568530
-6,10897746;0,14459670
-6,06801746;0,14459670
-6,02705746;0,14459670
-5,98609746;0,13568530
-5,94513746;0,14459670
-5,90417746;0,14459670
-5,86321746;0,14459670
-5,82225746;0,13568530
-5,78129746;0,13568530
-5,74033746;0,14459670
-5,69937746;0,13568530
-5,65841746;0,13568530
-5,61745746;0,13568530
-5,57649746;0,13568530
-5,53553746;0,13568530
-5,49457746;0,14459670
-5,45361746;0,14459670
-5,41265746;0,13568530
-5,37169746;0,13568530
-5,33073746;0,14459670
-5,28977746;0,13568530
-5,24881746;0,13568530
-5,20785746;0,13568530
-5,16689746;0,13568530
-5,12593746;0,13568530
-5,08497746;0,13568530
-5,04401746;0,13568530
-5,00305746;0,13568530
-4,96209746;0,13568530
-4,92113746;0,13568530
-4,88017746;0,13568530
-4,83921746;0,13568530
-4,79825747;0,12677390
-4,75729747;0,13568530
-4,71633747;0,13568530
-4,67537747;0,13568530
-4,63441747;0,13568530
-4,59345747;0,13568530
-4,55249747;0,13568530
-4,51153747;0,13568530
-4,47057747;0,13568530
-4,42961747;0,13568530
-4,38865747;0,13568530
-4,34769747;0,13568530
-4,30673747;0,13568530
-4,26577747;0,13568530
-4,22481747;0,13568530
-4,18385747;0,13568530
-4,14289747;0,13568530
-4,10193747;0,13568530
-4,06097747;0,14459670
-4,02001747;0,14459670
-3,97905747;0,13568530
-3,93809747;0,13568530
-3,89713747;0,14459670
-3,85617747;0,14459670
-3,81521747;0,14459670
-3,77425747;0,14459670
-3,73329747;0,14459670
-3,69233747;0,14459670
-3,65137747;0,13568530
-3,61041747;0,14459670
-3,56945747;0,14459670
-3,52849747;0,14459670
-3,48753747;0,14459670
-3,44657747;0,15350810
-3,40561747;0,14459670
-3,36465747;0,14459670
-3,32369747;0,14459670
-3,28273747;0,15350810
-3,24177747;0,15350810
-3,20081747;0,15350810
-3,15985748;0,15350810
-3,11889748;0,15350810
-3,07793748;0,15350810
-3,03697748;0,16241950
-2,99601748;0,15350810
-2,95505748;0,15350810
-2,91409748;0,15350810
-2,87313748;0,15350810
-2,83217748;0,15350810
-2,79121748;0,15350810
-2,75025748;0,15350810
-2,70929748;0,16241950
-2,66833748;0,16241950
-2,62737748;0,16241950
-2,58641748;0,16241950
-2,54545748;0,17136140
-2,50449748;0,17136140
-2,46353748;0,16241950
-2,42257748;0,17136140
-2,38161748;0,17136140
-2,34065748;0,17136140
-2,29969748;0,18027280
-2,25873748;0,17136140
-2,21777748;0,17136140
-2,17681748;0,17136140
-2,13585748;0,17136140
-2,09489748;0,17136140
-2,05393748;0,17136140
-2,01297748;0,17136140
-1,97201748;0,17136140
-1,93105748;0,17136140
-1,89009748;0,18027280
-1,84913748;0,18027280
-1,80817748;0,18027280
-1,76721748;0,17136140
-1,72625748;0,18027280
-1,68529748;0,18027280
-1,64433748;0,18027280
-1,60337748;0,17136140
-1,56241748;0,18027280
-1,52145749;0,18027280
-1,48049749;0,18027280
-1,43953749;0,18918420
-1,39857749;0,18027280
-1,35761749;0,18027280
-1,31665749;0,18027280
-1,27569749;0,18027280
-1,23473749;0,18918420
-1,19377749;0,18027280
-1,15281749;0,18027280
-1,11185749;0,18918420
-1,07089749;0,18918420
-1,02993749;0,18027280
-0,98897749;0,18918420
-0,94801749;0,14459670
-0,90705749;0,14459670
-0,86609749;0,15350810
-0,82513749;0,15350810
-0,78417749;0,15350810
-0,74321749;0,14459670
-0,70225749;0,14459670
-0,66129749;0,15350810
-0,62033749;0,15350810
-0,57937749;0,14459670
-0,53841749;0,15350810
-0,49745749;0,15350810
-0,45649749;0,15350810
-0,41553749;0,15350810
-0,37457749;0,15350810
-0,33361749;0,15350810
-0,29265749;0,14459670
-0,25169749;0,15350810
-0,21073749;0,15350810
-0,16977749;0,15350810
-0,12881749;0,15350810
-0,08785749;0,15350810
-0,04689749;0,15350810
-0,00593749;0,15350810
0,03502251;0,18918420
0,07598251;0,18918420
0,11694250;0,18918420
0,15790250;0,18918420
0,19886250;0,18918420
0,23982250;0,18027280
0,28078250;0,18027280
0,32174250;0,18918420
0,36270250;0,18918420
0,40366250;0,18918420
0,44462250;0,18027280
0,48558250;0,18027280
0,52654250;0,18918420
0,56750250;0,18918420
0,60846250;0,18918420
0,64942250;0,18027280
0,69038250;0,18027280
0,73134250;0,18027280
0,77230250;0,18918420
0,81326250;0,18027280
0,85422250;0,18027280
0,89518250;0,18027280
0,93614250;0,18027280
0,97710250;0,18027280
1,01806250;0,18027280
1,05902250;0,14459670
1,09998250;0,14459670
1,14094250;0,14459670
1,18190250;0,14459670
1,22286250;0,14459670
1,26382250;0,13568530
1,30478250;0,14459670
1,34574250;0,14459670
1,38670250;0,14459670
1,42766250;0,14459670
1,46862250;0,13568530
1,50958250;0,14459670
1,55054250;0,14459670
1,59150250;0,13568530
1,63246250;0,13568530
1,67342250;0,13568530
1,71438250;0,13568530
1,75534250;0,13568530
1,79630249;0,14459670
1,83726249;0,13568530
1,87822249;0,12677390
1,91918249;0,13568530
1,96014249;0,13568530
2,00110249;0,13568530
2,04206249;0,13568530
2,08302249;0,13568530
2,12398249;0,13568530
2,16494249;0,12677390
2,20590249;0,13568530
2,24686249;0,12677390
2,28782249;0,12677390
2,32878249;0,12677390
2,36974249;0,13568530
2,41070249;0,12677390
2,45166249;0,11783200
2,49262249;0,12677390
2,53358249;0,12677390
2,57454249;0,11783200
2,61550249;0,11783200
2,65646249;0,12677390
2,69742249;0,11783200
2,73838249;0,11783200
2,77934249;0,11783200
2,82030249;0,12677390
2,86126249;0,11783200
2,90222249;0,11783200
2,94318249;0,11783200
2,98414249;0,11783200
3,02510249;0,11783200
3,06606249;0,10892060
3,10702249;0,11783200
3,14798249;0,11783200
3,18894249;0,11783200
3,22990249;0,11783200
3,27086249;0,10892060
3,31182249;0,10892060
3,35278249;0,10892060
3,39374249;0,10892060
3,43470248;0,10892060
3,47566248;0,10892060
3,51662248;0,10892060
3,55758248;0,10892060
3,59854248;0,10892060
3,63950248;0,10892060
3,68046248;0,10892060
3,72142248;0,10892060
3,76238248;0,10892060
3,80334248;0,10892060
3,84430248;0,10892060
3,88526248;0,10892060
3,92622248;0,10000920
3,96718248;0,10892060
4,00814248;0,10892060
4,04910248;0,10892060
4,09006248;0,10000920
4,13102248;0,10892060
4,17198248;0,10000920
4,21294248;0,10000920
4,25390248;0,10892060
4,29486248;0,10892060
4,33582248;0,10000920
4,37678248;0,10892060
4,41774248;0,10892060
4,45870248;0,10000920
4,49966248;0,09109775
4,54062248;0,10000920
4,58158248;0,10892060
4,62254248;0,10000920
4,66350248;0,10000920
4,70446248;0,10000920
4,74542248;0,10000920
4,78638248;0,10000920
4,82734248;0,10000920
4,86830248;0,10000920
4,90926248;0,09109775
4,95022248;0,10000920
4,99118248;0,10000920
5,03214248;0,10000920
5,07310247;0,10000920
5,11406247;0,09109775
5,15502247;0,10000920
5,19598247;0,10000920
5,23694247;0,09109775
5,27790247;0,09109775
5,31886247;0,09109775
5,35982247;0,09109775
5,40078247;0,10000920
5,44174247;0,10000920
5,48270247;0,10000920
5,52366247;0,09109775
5,56462247;0,10000920
5,60558247;0,10000920
5,64654247;0,10000920
5,68750247;0,10000920
5,72846247;0,10000920
5,76942247;0,10000920
5,81038247;0,10000920
5,85134247;0,10892060
5,89230247;0,10892060
5,93326247;0,10000920
5,97422247;0,10000920
6,01518247;0,10892060
6,05614247;0,10892060
6,09710247;0,10000920
6,13806247;0,10000920
6,17902247;0,10892060
6,21998247;0,10892060
6,26094247;0,10000920
6,30190247;0,10892060
6,34286247;0,10892060
6,38382247;0,10892060
6,42478247;0,10892060
6,46574247;0,10892060
6,50670247;0,10892060
6,54766247;0,10892060
6,58862247;0,11783200
6,62958247;0,10892060
6,67054247;0,10892060
6,71150246;0,10892060
6,75246246;0,10892060
6,79342246;0,11783200
6,83438246;0,11783200
6,87534246;0,11783200
6,91630246;0,11783200
6,95726246;0,11783200
6,99822246;0,11783200
7,03918246;0,12677390
7,08014246;0,11783200
7,12110246;0,11783200
7,16206246;0,11783200
7,20302246;0,13568530
7,24398246;0,11783200
7,28494246;0,13568530
7,32590246;0,13568530
7,36686246;0,13568530
7,40782246;0,12677390
7,44878246;0,13568530
7,48974246;0,13568530
7,53070246;0,12677390
7,57166246;0,12677390
7,61262246;0,13568530
7,65358246;0,14459670
7,69454246;0,13568530
7,73550246;0,13568530
7,77646246;0,13568530
7,81742246;0,13568530
7,85838246;0,14459670
7,89934246;0,13568530
7,94030246;0,13568530
7,98126246;0,13568530
8,02222246;0,14459670
8,06318246;0,18918420
8,10414246;0,18027280
8,14510246;0,17136140
8,18606246;0,18027280
8,22702246;0,18027280
8,26798246;0,18027280
8,30894246;0,17136140
8,34990245;0,18027280
8,39086245;0,18027280
8,43182245;0,18027280
8,47278245;0,18027280
8,51374245;0,18027280
8,55470245;0,18027280
8,59566245;0,18027280
8,63662245;0,18918420
8,67758245;0,18027280
8,71854245;0,18027280
8,75950245;0,18027280
8,80046245;0,18027280
8,84142245;0,18918420
8,88238245;0,18027280
8,92334245;0,18918420
8,96430245;0,18027280
9,00526245;0,18027280
9,04622245;0,18918420
9,08718245;0,18918420
9,12814245;0,18027280
9,16910245;0,18027280
9,21006245;0,18918420
9,25102245;0,18918420
9,29198245;0,18918420
9,33294245;0,18027280
9,37390245;0,18918420
9,41486245;0,18918420
9,45582245;0,18918420
9,49678245;0,18918420
9,53774245;0,18027280
9,57870245;0,18027280
9,61966245;0,18918420
9,66062245;0,18918420
9,70158245;0,18918420
9,74254245;0,18027280
9,78350245;0,18918420
9,82446245;0,18918420
9,86542245;0,18918420
9,90638245;0,18918420
9,94734245;0,18918420
9,98830244;0,18918420
10,02926244;0,17136140
10,07022244;0,15350810
10,11118244;0,15350810
10,15214244;0,14459670
10,19310244;0,15350810
10,23406244;0,15350810
10,27502244;0,15350810
10,31598244;0,14459670
10,35694244;0,14459670
10,39790244;0,14459670
10,43886244;0,15350810
10,47982244;0,14459670
10,52078244;0,15350810
10,56174244;0,14459670
10,60270244;0,14459670
10,64366244;0,14459670
10,68462244;0,15350810
10,72558244;0,14459670
10,76654244;0,14459670
10,80750244;0,14459670
10,84846244;0,15350810
10,88942244;0,14459670
10,93038244;0,14459670
10,97134244;0,14459670
11,01230244;0,14459670
11,05326244;0,18918420
11,09422244;0,18918420
11,13518244;0,18918420
11,17614244;0,18027280
11,21710244;0,18027280
11,25806244;0,18918420
11,29902244;0,18027280
11,33998244;0,17136140
11,38094244;0,17136140
11,42190244;0,18027280
11,46286244;0,18027280
11,50382244;0,18027280
11,54478244;0,17136140
11,58574244;0,17136140
11,62670244;0,17136140
11,66766243;0,17136140
11,70862243;0,18027280
11,74958243;0,17136140
11,79054243;0,17136140
11,83150243;0,17136140
11,87246243;0,17136140
11,91342243;0,17136140
11,95438243;0,17136140
11,99534243;0,17136140
12,03630243;0,17136140
12,07726243;0,17136140
12,11822243;0,17136140
12,15918243;0,16241950
12,20014243;0,15350810
12,24110243;0,16241950
12,28206243;0,17136140
12,32302243;0,16241950
12,36398243;0,15350810
12,40494243;0,16241950
12,44590243;0,16241950
12,48686243;0,16241950
12,52782243;0,16241950
12,56878243;0,16241950
12,60974243;0,15350810
12,65070243;0,15350810
12,69166243;0,15350810
12,73262243;0,15350810
12,77358243;0,15350810
12,81454243;0,15350810
12,85550243;0,15350810
12,89646243;0,15350810
12,93742243;0,15350810
12,97838243;0,15350810
13,01934243;0,15350810
13,06030243;0,11783200
13,10126243;0,11783200
13,14222243;0,11783200
13,18318243;0,10892060
13,22414243;0,10892060
13,26510243;0,11783200
13,30606242;0,11783200
13,34702242;0,10892060
13,38798242;0,10892060
13,42894242;0,11783200
13,46990242;0,11783200
13,51086242;0,10892060
13,55182242;0,10892060
13,59278242;0,10892060
13,63374242;0,10892060
13,67470242;0,10892060
13,71566242;0,10892060
13,75662242;0,10892060
13,79758242;0,10000920
13,83854242;0,10000920
13,87950242;0,10892060
13,92046242;0,10892060
13,96142242;0,10000920
14,00238242;0,10892060
14,04334242;0,10892060
14,08430242;0,10892060
14,12526242;0,10892060
14,16622242;0,10892060
14,20718242;0,10000920
14,24814242;0,10000920
14,28910242;0,10000920
14,33006242;0,10892060
14,37102242;0,10892060
14,41198242;0,10000920
14,45294242;0,10892060
14,49390242;0,10000920
14,53486242;0,10892060
14,57582242;0,10000920
14,61678242;0,10000920
14,65774242;0,10000920
14,69870242;0,10000920
14,73966242;0,10000920
14,78062242;0,10000920
14,82158242;0,10000920
14,86254242;0,09109775
14,90350242;0,10000920
14,94446241;0,10000920
14,98542241;0,09109775
15,02638241;0,10000920
15,06734241;0,09109775
15,10830241;0,10000920
15,14926241;0,10000920
15,19022241;0,10000920
15,23118241;0,10000920
15,27214241;0,10000920
15,31310241;0,10000920
15,35406241;0,10892060
15,39502241;0,10000920
15,43598241;0,09109775
15,47694241;0,10000920
15,51790241;0,10000920
15,55886241;0,10000920
15,59982241;0,09109775
15,64078241;0,10000920
15,68174241;0,10000920
15,72270241;0,10000920
15,76366241;0,10000920
15,80462241;0,10000920
15,84558241;0,09109775
15,88654241;0,10000920
15,92750241;0,10892060
15,96846241;0,10000920
16,00942241;0,10000920
16,05038241;0,10000920
16,09134241;0,10892060
16,13230241;0,10892060
16,17326241;0,10000920
16,21422241;0,10000920
16,25518241;0,10892060
16,29614241;0,10000920
16,33710241;0,10892060
16,37806241;0,10892060
16,41902241;0,10892060
16,45998241;0,10892060
16,50094241;0,11783200
16,54190241;0,10892060
16,58286240;0,10892060
16,62382240;0,10892060
16,66478240;0,10892060
16,70574240;0,11783200
16,74670240;0,10892060
16,78766240;0,11783200
16,82862240;0,11783200
16,86958240;0,11783200
16,91054240;0,11783200
16,95150240;0,11783200
16,99246240;0,11783200
17,03342240;0,11783200
17,07438240;0,11783200
17,11534240;0,12677390
17,15630240;0,11783200
17,19726240;0,11783200
17,23822240;0,12677390
17,27918240;0,11783200
17,32014240;0,12677390
17,36110240;0,12677390
17,40206240;0,13568530
17,44302240;0,12677390
17,48398240;0,12677390
17,52494240;0,13568530
17,56590240;0,13568530
17,60686240;0,13568530
17,64782240;0,13568530
17,68878240;0,13568530
17,72974240;0,14459670
17,77070240;0,13568530
17,81166240;0,13568530
17,85262240;0,13568530
17,89358240;0,13568530
17,93454240;0,13568530
17,97550240;0,14459670
18,01646240;0,13568530
18,05742240;0,13568530
18,09838240;0,14459670
18,13934240;0,14459670
18,18030240;0,14459670
18,22126239;0,14459670
18,26222239;0,14459670
18,30318239;0,14459670
18,34414239;0,14459670
18,38510239;0,14459670
18,42606239;0,14459670
18,46702239;0,14459670
18,50798239;0,14459670
18,54894239;0,15350810
18,58990239;0,14459670
18,63086239;0,14459670
18,67182239;0,14459670
18,71278239;0,14459670
18,75374239;0,14459670
18,79470239;0,14459670
18,83566239;0,15350810
18,87662239;0,14459670
18,91758239;0,14459670
18,95854239;0,14459670
18,99950239;0,15350810
19,04046239;0,18027280
19,08142239;0,18918420
19,12238239;0,18918420
19,16334239;0,18918420
19,20430239;0,18918420
19,24526239;0,18918420
19,28622239;0,18027280
19,32718239;0,18918420
19,36814239;0,18918420
19,40910239;0,18918420
19,45006239;0,18918420
19,49102239;0,18027280
19,53198239;0,18918420
19,57294239;0,18918420
19,61390239;0,18918420
19,65486239;0,18027280
19,69582239;0,18918420
19,73678239;0,18918420
19,77774239;0,18918420
19,81870239;0,18918420
19,85966238;0,18918420
19,90062238;0,18918420
19,94158238;0,18027280
19,98254238;0,18918420
20,02350238;0,18918420
20,06446238;0,18918420
20,10542238;0,18027280
20,14638238;0,18918420
20,18734238;0,18918420
20,22830238;0,18027280
20,26926238;0,18027280
20,31022238;0,18918420
20,35118238;0,18918420
20,39214238;0,18918420
20,43310238;0,18918420
20,47406238;0,18027280
20,51502238;0,18027280
20,55598238;0,18027280
20,59694238;0,18918420
20,63790238;0,18918420
20,67886238;0,18027280
20,71982238;0,18027280
20,76078238;0,18027280
20,80174238;0,18027280
20,84270238;0,18027280
20,88366238;0,18027280
20,92462238;0,18027280
20,96558238;0,18027280
21,00654238;0,18027280
21,04750238;0,15350810
21,08846238;0,13568530
21,12942238;0,14459670
21,17038238;0,14459670
21,21134238;0,14459670
21,25230238;0,13568530
21,29326238;0,14459670
21,33422238;0,14459670
21,37518238;0,14459670
21,41614238;0,14459670
21,45710238;0,13568530
21,49806238;0,13568530
21,53902237;0,13568530
21,57998237;0,14459670
21,62094237;0,14459670
21,66190237;0,14459670
21,70286237;0,13568530
21,74382237;0,13568530
21,78478237;0,13568530
21,82574237;0,13568530
21,86670237;0,13568530
21,90766237;0,13568530
21,94862237;0,14459670
21,98958237;0,13568530
22,03054237;0,13568530
22,07150237;0,13568530
22,11246237;0,13568530
22,15342237;0,13568530
22,19438237;0,13568530
22,23534237;0,13568530
22,27630237;0,11783200
22,31726237;0,12677390
22,35822237;0,12677390
22,39918237;0,12677390
22,44014237;0,12677390
22,48110237;0,12677390
22,52206237;0,11783200
22,56302237;0,11783200
22,60398237;0,11783200
22,64494237;0,12677390
22,68590237;0,11783200
22,72686237;0,11783200
22,76782237;0,11783200
22,80878237;0,11783200
22,84974237;0,11783200
22,89070237;0,11783200
22,93166237;0,11783200
22,97262237;0,11783200
23,01358237;0,11783200
23,05454237;0,16241950
23,09550237;0,15350810
23,13646237;0,15350810
23,17742236;0,14459670
23,21838236;0,15350810
23,25934236;0,14459670
23,30030236;0,14459670
23,34126236;0,14459670
23,38222236;0,14459670
23,42318236;0,14459670
23,46414236;0,14459670
23,50510236;0,14459670
23,54606236;0,14459670
23,58702236;0,14459670
23,62798236;0,14459670
23,66894236;0,14459670
23,70990236;0,13568530
23,75086236;0,14459670
23,79182236;0,14459670
23,83278236;0,14459670
23,87374236;0,13568530
23,91470236;0,13568530
23,95566236;0,14459670
23,99662236;0,14459670
24,03758236;0,11783200
24,07854236;0,10892060
24,11950236;0,10000920
24,16046236;0,10000920
24,20142236;0,10892060
24,24238236;0,10892060
24,28334236;0,10892060
24,32430236;0,10000920
24,36526236;0,10000920
24,40622236;0,10892060
24,44718236;0,10000920
24,48814236;0,10000920
24,52910236;0,10000920
24,57006236;0,10000920
24,61102236;0,10000920
24,65198236;0,10892060
24,69294236;0,10000920
24,73390236;0,10000920
24,77486236;0,10000920
24,81582235;0,10000920
24,85678235;0,10000920
24,89774235;0,09109775
24,93870235;0,10000920
24,97966235;0,10000920
25,02062235;0,10000920
25,06158235;0,10000920
25,10254235;0,10000920
25,14350235;0,09109775
25,18446235;0,09109775
25,22542235;0,10000920
25,26638235;0,10000920
25,30734235;0,09109775
25,34830235;0,09109775
25,38926235;0,09109775
25,43022235;0,10892060
25,47118235;0,10000920
25,51214235;0,10000920
25,55310235;0,10000920
25,59406235;0,10000920
25,63502235;0,10000920
25,67598235;0,10000920
25,71694235;0,10000920
25,75790235;0,10000920
25,79886235;0,10000920
25,83982235;0,10892060
25,88078235;0,10000920
25,92174235;0,10000920
25,96270235;0,10000920
26,00366235;0,10892060
26,04462235;0,10892060
26,08558235;0,10000920
26,12654235;0,10892060
26,16750235;0,10892060
26,20846235;0,10000920
26,24942235;0,10892060
26,29038235;0,10892060
26,33134235;0,10000920
26,37230235;0,10000920
26,41326235;0,10892060
26,45422234;0,10892060
26,49518234;0,10892060
26,53614234;0,10892060
26,57710234;0,10892060
26,61806234;0,11783200
26,65902234;0,11783200
26,69998234;0,11783200
26,74094234;0,11783200
26,78190234;0,11783200
26,82286234;0,11783200
26,86382234;0,11783200
26,90478234;0,11783200
26,94574234;0,10892060
26,98670234;0,11783200
27,02766234;0,11783200
27,06862234;0,11783200
27,10958234;0,11783200
27,15054234;0,12677390
27,19150234;0,11783200
27,23246234;0,11783200
27,27342234;0,12677390
27,31438234;0,13568530
27,35534234;0,12677390
27,39630234;0,12677390
27,43726234;0,13568530
27,47822234;0,13568530
27,51918234;0,13568530
27,56014234;0,13568530
27,60110234;0,13568530
27,64206234;0,13568530
27,68302234;0,13568530
27,72398234;0,13568530
27,76494234;0,13568530
27,80590234;0,13568530
27,84686234;0,14459670
27,88782234;0,14459670
27,92878234;0,13568530
27,96974234;0,13568530
28,01070234;0,14459670
28,05166234;0,14459670
28,09262233;0,14459670
28,13358233;0,13568530
28,17454233;0,14459670
28,21550233;0,13568530
28,25646233;0,13568530
28,29742233;0,14459670
28,33838233;0,14459670
28,37934233;0,13568530
28,42030233;0,14459670
28,46126233;0,15350810
28,50222233;0,14459670
28,54318233;0,14459670
28,58414233;0,14459670
28,62510233;0,15350810
28,66606233;0,14459670
28,70702233;0,14459670
28,74798233;0,14459670
28,78894233;0,14459670
28,82990233;0,14459670
28,87086233;0,15350810
28,91182233;0,14459670
28,95278233;0,14459670
28,99374233;0,14459670
29,03470233;0,15350810
29,07566233;0,15350810
29,11662233;0,15350810
29,15758233;0,14459670
29,19854233;0,15350810
29,23950233;0,14459670
29,28046233;0,15350810
29,32142233;0,15350810
29,36238233;0,15350810
29,40334233;0,14459670
29,44430233;0,14459670
29,48526233;0,15350810
29,52622233;0,15350810
29,56718233;0,14459670
29,60814233;0,15350810
29,64910233;0,15350810
29,69006233;0,15350810
29,73102232;0,15350810
29,77198232;0,15350810
29,81294232;0,15350810
29,85390232;0,15350810
29,89486232;0,15350810
29,93582232;0,15350810
29,97678232;0,15350810
30,01774232;0,15350810
30,05870232;0,19809560
30,09966232;0,18918420
30,14062232;0,18918420
30,18158232;0,18918420
30,22254232;0,18918420
30,26350232;0,18918420
30,30446232;0,18027280
30,34542232;0,18918420
30,38638232;0,18918420
30,42734232;0,18918420
30,46830232;0,18918420
30,50926232;0,18918420
30,55022232;0,18027280
30,59118232;0,18027280
30,63214232;0,18918420
30,67310232;0,18918420
30,71406232;0,18027280
30,75502232;0,18027280
30,79598232;0,18027280
30,83694232;0,18027280
30,87790232;0,18027280
30,91886232;0,18918420
30,95982232;0,18027280
31,00078232;0,18027280
31,04174232;0,18027280
31,08270232;0,18918420
31,12366232;0,18027280
31,16462232;0,17136140
31,20558232;0,18027280
31,24654232;0,18027280
31,28750232;0,18027280
31,32846232;0,17136140
31,36942232;0,18027280
31,41038231;0,18027280
31,45134231;0,18027280
31,49230231;0,18027280
31,53326231;0,18027280
31,57422231;0,17136140
31,61518231;0,17136140
31,65614231;0,17136140
31,69710231;0,17136140
31,73806231;0,17136140
31,77902231;0,17136140
31,81998231;0,17136140
31,86094231;0,17136140
31,90190231;0,17136140
31,94286231;0,17136140
31,98382231;0,17136140
32,02478231;0,17136140
32,06574231;0,13568530
32,10670231;0,13568530
32,14766231;0,13568530
32,18862231;0,12677390
32,22958231;0,13568530
32,27054231;0,13568530
32,31150231;0,12677390
32,35246231;0,12677390
32,39342231;0,12677390
32,43438231;0,12677390
32,47534231;0,11783200
32,51630231;0,12677390
32,55726231;0,12677390
32,59822231;0,11783200
32,63918231;0,11783200
32,68014231;0,12677390
32,72110231;0,12677390
32,76206231;0,11783200
32,80302231;0,11783200
32,84398231;0,11783200
32,88494231;0,11783200
32,92590231;0,11783200
32,96686231;0,11783200
33,00782231;0,11783200
33,04878230;0,14459670
33,08974230;0,15350810
33,13070230;0,15350810
33,17166230;0,15350810
33,21262230;0,14459670
33,25358230;0,14459670
33,29454230;0,15350810
33,33550230;0,14459670
33,37646230;0,14459670
33,41742230;0,14459670
33,45838230;0,14459670
33,49934230;0,14459670
33,54030230;0,14459670
33,58126230;0,14459670
33,62222230;0,13568530
33,66318230;0,14459670
33,70414230;0,14459670
33,74510230;0,14459670
33,78606230;0,14459670
33,82702230;0,13568530
33,86798230;0,14459670
33,90894230;0,14459670
33,94990230;0,13568530
33,99086230;0,13568530
34,03182230;0,13568530
34,07278230;0,10000920
34,11374230;0,10892060
34,15470230;0,10892060
34,19566230;0,10000920
34,23662230;0,10000920
34,27758230;0,10892060
34,31854230;0,10892060
34,35950230;0,10000920
34,40046230;0,10000920
34,44142230;0,10000920
34,48238230;0,10000920
34,52334230;0,10000920
34,56430230;0,10892060
34,60526230;0,10000920
34,64622230;0,09109775
34,68718229;0,10000920
34,72814229;0,10000920
34,76910229;0,10000920
34,81006229;0,10000920
34,85102229;0,10000920
34,89198229;0,10000920
34,93294229;0,10000920
34,97390229;0,10000920
35,01486229;0,10000920
35,05582229;0,10000920
35,09678229;0,10000920
35,13774229;0,10000920
35,17870229;0,10000920
35,21966229;0,09109775
35,26062229;0,09109775
35,30158229;0,10000920
35,34254229;0,10000920
35,38350229;0,10000920
35,42446229;0,10000920
35,46542229;0,10000920
35,50638229;0,10000920
35,54734229;0,10000920
35,58830229;0,10000920
35,62926229;0,10000920
35,67022229;0,10000920
35,71118229;0,10000920
35,75214229;0,10892060
35,79310229;0,10000920
35,83406229;0,10000920
35,87502229;0,10000920
35,91598229;0,10892060
35,95694229;0,10000920
35,99790229;0,10000920
36,03886229;0,10000920
36,07982229;0,10892060
36,12078229;0,10000920
36,16174229;0,10892060
36,20270229;0,10892060
36,24366229;0,10892060
36,28462229;0,10892060
36,32558228;0,10892060
36,36654228;0,10892060
36,40750228;0,10892060
36,44846228;0,10892060
36,48942228;0,10892060
36,53038228;0,10892060
36,57134228;0,10892060
36,61230228;0,11783200
36,65326228;0,11783200
36,69422228;0,10892060
36,73518228;0,11783200
36,77614228;0,11783200
36,81710228;0,11783200
36,85806228;0,11783200
36,89902228;0,11783200
36,93998228;0,12677390
36,98094228;0,11783200
37,02190228;0,11783200
37,06286228;0,11783200
37,10382228;0,11783200
37,14478228;0,11783200
37,18574228;0,12677390
37,22670228;0,12677390
37,26766228;0,11783200
37,30862228;0,12677390
37,34958228;0,13568530
37,39054228;0,13568530
37,43150228;0,13568530
37,47246228;0,13568530
37,51342228;0,13568530
37,55438228;0,13568530
37,59534228;0,13568530
37,63630228;0,13568530
37,67726228;0,13568530
37,71822228;0,13568530
37,75918228;0,13568530
37,80014228;0,14459670
37,84110228;0,13568530
37,88206228;0,13568530
37,92302228;0,14459670
37,96398227;0,14459670
38,00494227;0,13568530
38,04590227;0,13568530
38,08686227;0,14459670
38,12782227;0,14459670
38,16878227;0,14459670
38,20974227;0,14459670
38,25070227;0,14459670
38,29166227;0,13568530
38,33262227;0,14459670
38,37358227;0,14459670
38,41454227;0,14459670
38,45550227;0,14459670
38,49646227;0,14459670
38,53742227;0,14459670
38,57838227;0,14459670
38,61934227;0,14459670
38,66030227;0,14459670
38,70126227;0,14459670
38,74222227;0,14459670
38,78318227;0,15350810
38,82414227;0,15350810
38,86510227;0,14459670
38,90606227;0,14459670
38,94702227;0,15350810
38,98798227;0,15350810
39,02894227;0,14459670
39,06990227;0,18918420
39,11086227;0,18918420
39,15182227;0,18918420
39,19278227;0,18918420
39,23374227;0,18918420
39,27470227;0,18027280
39,31566227;0,18918420
39,35662227;0,18918420
39,39758227;0,18918420
39,43854227;0,18918420
39,47950227;0,18027280
39,52046227;0,18918420
39,56142227;0,18918420
39,60238227;0,18918420
39,64334226;0,18918420
39,68430226;0,18027280
39,72526226;0,18918420
39,76622226;0,18918420
39,80718226;0,18918420
39,84814226;0,18918420
39,88910226;0,18027280
39,93006226;0,18918420
39,97102226;0,18918420
40,01198226;0,18918420
40,05294226;0,15350810
40,09390226;0,14459670
40,13486226;0,15350810
40,17582226;0,15350810
40,21678226;0,15350810
40,25774226;0,14459670
40,29870226;0,14459670
40,33966226;0,15350810
40,38062226;0,15350810
40,42158226;0,15350810
40,46254226;0,14459670
40,50350226;0,14459670
40,54446226;0,15350810
40,58542226;0,15350810
40,62638226;0,14459670
40,66734226;0,14459670
40,70830226;0,14459670
40,74926226;0,14459670
40,79022226;0,14459670
40,83118226;0,14459670
40,87214226;0,14459670
40,91310226;0,13568530
40,95406226;0,14459670
40,99502226;0,14459670
41,03598226;0,14459670
41,07694226;0,18027280
41,11790226;0,18027280
41,15886226;0,18027280
41,19982226;0,18027280
41,24078226;0,18027280
41,28174225;0,18027280
41,32270225;0,17136140
41,36366225;0,18027280
41,40462225;0,18027280
41,44558225;0,18027280
41,48654225;0,17136140
41,52750225;0,18027280
41,56846225;0,18027280
41,60942225;0,18027280
41,65038225;0,17136140
41,69134225;0,17136140
41,73230225;0,17136140
41,77326225;0,17136140
41,81422225;0,16241950
41,85518225;0,17136140
41,89614225;0,17136140
41,93710225;0,16241950
41,97806225;0,17136140
42,01902225;0,17136140
42,05998225;0,17136140
42,10094225;0,16241950
42,14190225;0,17136140
42,18286225;0,17136140
42,22382225;0,16241950
42,26478225;0,16241950
42,30574225;0,16241950
42,34670225;0,16241950
42,38766225;0,15350810
42,42862225;0,16241950
42,46958225;0,16241950
42,51054225;0,15350810
42,55150225;0,15350810
42,59246225;0,16241950
42,63342225;0,15350810
42,67438225;0,15350810
42,71534225;0,15350810
42,75630225;0,15350810
42,79726225;0,15350810
42,83822225;0,15350810
42,87918225;0,15350810
42,92014224;0,14459670
42,96110224;0,14459670
43,00206224;0,15350810
43,04302224;0,15350810
43,08398224;0,11783200
43,12494224;0,10892060
43,16590224;0,11783200
43,20686224;0,11783200
43,24782224;0,10892060
43,28878224;0,10892060
43,32974224;0,10892060
43,37070224;0,10892060
43,41166224;0,10892060
43,45262224;0,10892060
43,49358224;0,10892060
43,53454224;0,10892060
43,57550224;0,10892060
43,61646224;0,10892060
43,65742224;0,10892060
43,69838224;0,10892060
43,73934224;0,10000920
43,78030224;0,10892060
43,82126224;0,10892060
43,86222224;0,10892060
43,90318224;0,10892060
43,94414224;0,10892060
43,98510224;0,10000920
44,02606224;0,10892060
44,06702224;0,10892060
44,10798224;0,10000920
44,14894224;0,10000920
44,18990224;0,10892060
44,23086224;0,10892060
44,27182224;0,10000920
44,31278224;0,10000920
44,35374224;0,10892060
44,39470224;0,10892060
44,43566224;0,10000920
44,47662224;0,10892060
44,51758224;0,10892060
44,55854223;0,09109775
44,59950223;0,10000920
44,64046223;0,10892060
44,68142223;0,10000920
44,72238223;0,10000920
44,76334223;0,10000920
44,80430223;0,10892060
44,84526223;0,10000920
44,88622223;0,10000920
44,92718223;0,10000920
44,96814223;0,09109775
45,00910223;0,10000920
45,05006223;0,13568530
45,09102223;0,14459670
45,13198223;0,13568530
45,17294223;0,13568530
45,21390223;0,13568530
45,25486223;0,13568530
45,29582223;0,13568530
45,33678223;0,13568530
45,37774223;0,12677390
45,41870223;0,13568530
45,45966223;0,13568530
45,50062223;0,13568530
45,54158223;0,13568530
45,58254223;0,13568530
45,62350223;0,13568530
45,66446223;0,13568530
45,70542223;0,13568530
45,74638223;0,13568530
45,78734223;0,13568530
45,82830223;0,13568530
45,86926223;0,13568530
45,91022223;0,14459670
45,95118223;0,13568530
45,99214223;0,13568530
46,03310223;0,13568530
46,07406223;0,10892060
46,11502223;0,10892060
46,15598223;0,10000920
46,19694222;0,10892060
46,23790222;0,10892060
46,27886222;0,10892060
46,31982222;0,10000920
46,36078222;0,10892060
46,40174222;0,10892060
46,44270222;0,10892060
46,48366222;0,10892060
46,52462222;0,10892060
46,56558222;0,10892060
46,60654222;0,10892060
46,64750222;0,11783200
46,68846222;0,11783200
46,72942222;0,10892060
46,77038222;0,10892060
46,81134222;0,11783200
46,85230222;0,11783200
46,89326222;0,11783200
46,93422222;0,11783200
46,97518222;0,11783200
47,01614222;0,11783200
47,05710222;0,11783200
47,09806222;0,11783200
47,13902222;0,12677390
47,17998222;0,11783200
47,22094222;0,11783200
47,26190222;0,12677390
47,30286222;0,12677390
47,34382222;0,11783200
47,38478222;0,12677390
47,42574222;0,13568530
47,46670222;0,12677390
47,50766222;0,13568530
47,54862222;0,13568530
47,58958222;0,12677390
47,63054222;0,13568530
47,67150222;0,13568530
47,71246222;0,13568530
47,75342222;0,13568530
47,79438222;0,12677390
47,83534221;0,13568530
47,87630221;0,13568530
47,91726221;0,13568530
47,95822221;0,13568530
47,99918221;0,14459670
48,04014221;0,14459670
48,08110221;0,14459670
48,12206221;0,14459670
48,16302221;0,13568530
48,20398221;0,13568530
48,24494221;0,14459670
48,28590221;0,14459670
48,32686221;0,14459670
48,36782221;0,13568530
48,40878221;0,14459670
48,44974221;0,14459670
48,49070221;0,14459670
48,53166221;0,14459670
48,57262221;0,14459670
48,61358221;0,14459670
48,65454221;0,14459670
48,69550221;0,14459670
48,73646221;0,15350810
48,77742221;0,14459670
48,81838221;0,14459670
48,85934221;0,15350810
48,90030221;0,14459670
48,94126221;0,14459670
48,98222221;0,14459670
49,02318221;0,14459670
49,06414221;0,14459670
49,10510221;0,15350810
49,14606221;0,14459670
49,18702221;0,14459670
49,22798221;0,14459670
49,26894221;0,15350810
49,30990221;0,15350810
49,35086221;0,15350810
49,39182221;0,14459670
49,43278221;0,14459670
49,47374221;0,15350810
49,51470220;0,14459670
49,55566220;0,15350810
49,59662220;0,14459670
49,63758220;0,15350810
49,67854220;0,15350810
49,71950220;0,15350810
49,76046220;0,15350810
49,80142220;0,14459670
49,84238220;0,15350810
49,88334220;0,15350810
49,92430220;0,15350810
49,96526220;0,14459670
50,00622220;0,14459670
50,04718220;0,15350810
50,08814220;0,18918420
50,12910220;0,18918420
50,17006220;0,18918420
50,21102220;0,18918420
50,25198220;0,18027280
50,29294220;0,18918420
50,33390220;0,18918420
50,37486220;0,18027280
50,41582220;0,18027280
50,45678220;0,18918420
50,49774220;0,18918420
50,53870220;0,18027280
50,57966220;0,18027280
50,62062220;0,18027280
50,66158220;0,18027280
50,70254220;0,18918420
50,74350220;0,18918420
50,78446220;0,18027280
50,82542220;0,18027280
50,86638220;0,18027280
50,90734220;0,18027280
50,94830220;0,18027280
50,98926220;0,18027280
51,03022220;0,18027280
51,07118220;0,14459670
51,11214220;0,14459670
51,15310219;0,14459670
51,19406219;0,14459670
51,23502219;0,14459670
51,27598219;0,14459670
51,31694219;0,14459670
51,35790219;0,14459670
51,39886219;0,13568530
51,43982219;0,13568530
51,48078219;0,14459670
51,52174219;0,13568530
51,56270219;0,14459670
51,60366219;0,13568530
51,64462219;0,13568530
51,68558219;0,13568530
51,72654219;0,13568530
51,76750219;0,13568530
51,80846219;0,13568530
51,84942219;0,13568530
51,89038219;0,13568530
51,93134219;0,13568530
51,97230219;0,13568530
52,01326219;0,13568530
52,05422219;0,16241950
52,09518219;0,17136140
52,13614219;0,17136140
52,17710219;0,17136140
52,21806219;0,16241950
52,25902219;0,16241950
52,29998219;0,17136140
52,34094219;0,17136140
52,38190219;0,17136140
52,42286219;0,15350810
52,46382219;0,16241950
52,50478219;0,16241950
52,54574219;0,16241950
52,58670219;0,15350810
52,62766219;0,15350810
52,66862219;0,15350810
52,70958219;0,15350810
52,75054219;0,15350810
52,79150218;0,15350810
52,83246218;0,14459670
52,87342218;0,15350810
52,91438218;0,15350810
52,95534218;0,15350810
52,99630218;0,15350810
53,03726218;0,15350810
53,07822218;0,15350810
53,11918218;0,15350810
53,16014218;0,14459670
53,20110218;0,14459670
53,24206218;0,14459670
53,28302218;0,14459670
53,32398218;0,14459670
53,36494218;0,14459670
53,40590218;0,14459670
53,44686218;0,13568530
53,48782218;0,14459670
53,52878218;0,14459670
53,56974218;0,14459670
53,61070218;0,13568530
53,65166218;0,14459670
53,69262218;0,14459670
53,73358218;0,14459670
53,77454218;0,14459670
53,81550218;0,13568530
53,85646218;0,14459670
53,89742218;0,13568530
53,93838218;0,14459670
53,97934218;0,14459670
54,02030218;0,13568530
54,06126218;0,11783200
54,10222218;0,10892060
54,14318218;0,10892060
54,18414218;0,10892060
54,22510218;0,10000920
54,26606218;0,10000920
54,30702218;0,10000920
54,34798218;0,10000920
54,38894218;0,10892060
54,42990217;0,10000920
54,47086217;0,09109775
54,51182217;0,10892060
54,55278217;0,10000920
54,59374217;0,10000920
54,63470217;0,10000920
54,67566217;0,10000920
54,71662217;0,10000920
54,75758217;0,10000920
54,79854217;0,10000920
54,83950217;0,10000920
54,88046217;0,10000920
54,92142217;0,09109775
54,96238217;0,10000920
55,00334217;0,10000920
55,04430217;0,09109775
55,08526217;0,13568530
55,12622217;0,13568530
55,16718217;0,13568530
55,20814217;0,13568530
55,24910217;0,13568530
55,29006217;0,13568530
55,33102217;0,13568530
55,37198217;0,13568530
55,41294217;0,13568530
55,45390217;0,13568530
55,49486217;0,13568530
55,53582217;0,13568530
55,57678217;0,13568530
55,61774217;0,13568530
55,65870217;0,13568530
55,69966217;0,13568530
55,74062217;0,14459670
55,78158217;0,13568530
55,82254217;0,13568530
55,86350217;0,13568530
55,90446217;0,13568530
55,94542217;0,13568530
55,98638217;0,14459670
56,02734217;0,14459670
56,06830216;0,13568530
56,10926216;0,13568530
56,15022216;0,14459670
56,19118216;0,14459670
56,23214216;0,14459670
56,27310216;0,14459670
56,31406216;0,14459670
56,35502216;0,14459670
56,39598216;0,14459670
56,43694216;0,14459670
56,47790216;0,14459670
56,51886216;0,14459670
56,55982216;0,14459670
56,60078216;0,14459670
56,64174216;0,14459670
56,68270216;0,14459670
56,72366216;0,15350810
56,76462216;0,15350810
56,80558216;0,14459670
56,84654216;0,14459670
56,88750216;0,15350810
56,92846216;0,15350810
56,96942216;0,15350810
57,01038216;0,15350810
57,05134216;0,14459670
57,09230216;0,11783200
57,13326216;0,11783200
57,17422216;0,12677390
57,21518216;0,11783200
57,25614216;0,11783200
57,29710216;0,12677390
57,33806216;0,12677390
57,37902216;0,13568530
57,41998216;0,13568530
57,46094216;0,13568530
57,50190216;0,12677390
57,54286216;0,12677390
57,58382216;0,13568530
57,62478216;0,13568530
57,66574216;0,13568530
57,70670215;0,13568530
57,74766215;0,13568530
57,78862215;0,13568530
57,82958215;0,13568530
57,87054215;0,13568530
57,91150215;0,13568530
57,95246215;0,13568530
57,99342215;0,14459670
58,03438215;0,14459670
58,07534215;0,14459670
58,11630215;0,13568530
58,15726215;0,14459670
58,19822215;0,14459670
58,23918215;0,14459670
58,28014215;0,14459670
58,32110215;0,14459670
58,36206215;0,14459670
58,40302215;0,14459670
58,44398215;0,14459670
58,48494215;0,14459670
58,52590215;0,14459670
58,56686215;0,14459670
58,60782215;0,15350810
58,64878215;0,15350810
58,68974215;0,14459670
58,73070215;0,14459670
58,77166215;0,15350810
58,81262215;0,14459670
58,85358215;0,14459670
58,89454215;0,14459670
58,93550215;0,15350810
58,97646215;0,14459670
59,01742215;0,14459670
59,05838215;0,15350810
59,09934215;0,14459670
59,14030215;0,14459670
59,18126215;0,15350810
59,22222215;0,15350810
59,26318215;0,14459670
59,30414215;0,14459670
59,34510215;0,15350810
59,38606214;0,15350810
59,42702214;0,14459670
59,46798214;0,14459670
59,50894214;0,15350810
59,54990214;0,15350810
59,59086214;0,15350810
59,63182214;0,15350810
59,67278214;0,15350810
59,71374214;0,14459670
59,75470214;0,15350810
59,79566214;0,15350810
59,83662214;0,15350810
59,87758214;0,15350810
59,91854214;0,15350810
59,95950214;0,15350810
60,00046214;0,15350810
60,04142214;0,15350810
60,08238214;0,15350810
60,12334214;0,14459670
60,16430214;0,15350810
60,20526214;0,15350810
60,24622214;0,15350810
60,28718214;0,14459670
60,32814214;0,14459670
60,36910214;0,15350810
60,41006214;0,15350810
60,45102214;0,14459670
60,49198214;0,14459670
60,53294214;0,15350810
60,57390214;0,14459670
60,61486214;0,14459670
60,65582214;0,15350810
60,69678214;0,14459670
60,73774214;0,14459670
60,77870214;0,15350810
60,81966214;0,14459670
60,86062214;0,14459670
60,90158214;0,14459670
60,94254214;0,14459670
60,98350214;0,14459670
61,02446213;0,14459670
61,06542213;0,18027280
61,10638213;0,18027280
61,14734213;0,18027280
61,18830213;0,18027280
61,22926213;0,18027280
61,27022213;0,18027280
61,31118213;0,17136140
61,35214213;0,18027280
61,39310213;0,18027280
61,43406213;0,18027280
61,47502213;0,17136140
61,51598213;0,17136140
61,55694213;0,17136140
61,59790213;0,17136140
61,63886213;0,17136140
61,67982213;0,18027280
61,72078213;0,17136140
61,76174213;0,17136140
61,80270213;0,17136140
61,84366213;0,17136140
61,88462213;0,17136140
61,92558213;0,17136140
61,96654213;0,17136140
62,00750213;0,17136140
62,04846213;0,16241950
62,08942213;0,13568530
62,13038213;0,13568530
62,17134213;0,12677390
62,21230213;0,13568530
62,25326213;0,13568530
62,29422213;0,12677390
62,33518213;0,11783200
62,37614213;0,12677390
62,41710213;0,13568530
62,45806213;0,12677390
62,49902213;0,12677390
62,53998213;0,11783200
62,58094213;0,11783200
62,62190213;0,11783200
62,66286212;0,11783200
62,70382212;0,12677390
62,74478212;0,11783200
62,78574212;0,11783200
62,82670212;0,11783200
62,86766212;0,11783200
62,90862212;0,11783200
62,94958212;0,11783200
62,99054212;0,11783200
63,03150212;0,11783200
63,07246212;0,15350810
63,11342212;0,15350810
63,15438212;0,15350810
63,19534212;0,15350810
63,23630212;0,15350810
63,27726212;0,14459670
63,31822212;0,14459670
63,35918212;0,14459670
63,40014212;0,14459670
63,44110212;0,14459670
63,48206212;0,14459670
63,52302212;0,13568530
63,56398212;0,14459670
63,60494212;0,14459670
63,64590212;0,14459670
63,68686212;0,14459670
63,72782212;0,14459670
63,76878212;0,14459670
63,80974212;0,14459670
63,85070212;0,14459670
63,89166212;0,14459670
63,93262212;0,13568530
63,97358212;0,13568530
64,01454212;0,14459670
64,05550212;0,13568530
64,09646212;0,13568530
64,13742212;0,13568530
64,17838212;0,13568530
64,21934212;0,13568530
64,26030212;0,14459670
64,30126211;0,13568530
64,34222211;0,13568530
64,38318211;0,13568530
64,42414211;0,13568530
64,46510211;0,14459670
64,50606211;0,13568530
64,54702211;0,13568530
64,58798211;0,13568530
64,62894211;0,13568530
64,66990211;0,13568530
64,71086211;0,13568530
64,75182211;0,12677390
64,79278211;0,13568530
64,83374211;0,13568530
64,87470211;0,13568530
64,91566211;0,13568530
64,95662211;0,12677390
64,99758211;0,13568530
65,03854211;0,13568530
65,07950211;0,10000920
65,12046211;0,09109775
65,16142211;0,10000920
65,20238211;0,10000920
65,24334211;0,10000920
65,28430211;0,10000920
65,32526211;0,09109775
65,36622211;0,10000920
65,40718211;0,09109775
65,44814211;0,10000920
65,48910211;0,10000920
65,53006211;0,10000920
65,57102211;0,09109775
65,61198211;0,10000920
65,65294211;0,10000920
65,69390211;0,10000920
65,73486211;0,10000920
65,77582211;0,10000920
65,81678211;0,09109775
65,85774211;0,10000920
65,89870211;0,10892060
65,93966210;0,10000920
65,98062210;0,10000920
66,02158210;0,10892060
66,06254210;0,10892060
66,10350210;0,10892060
66,14446210;0,10000920
66,18542210;0,10000920
66,22638210;0,10892060
66,26734210;0,10892060
66,30830210;0,10892060
66,34926210;0,10892060
66,39022210;0,10892060
66,43118210;0,10892060
66,47214210;0,10892060
66,51310210;0,10892060
66,55406210;0,10892060
66,59502210;0,10892060
66,63598210;0,11783200
66,67694210;0,11783200
66,71790210;0,10892060
66,75886210;0,11783200
66,79982210;0,11783200
66,84078210;0,11783200
66,88174210;0,11783200
66,92270210;0,11783200
66,96366210;0,11783200
67,00462210;0,11783200
67,04558210;0,11783200
67,08654210;0,11783200
67,12750210;0,11783200
67,16846210;0,11783200
67,20942210;0,11783200
67,25038210;0,12677390
67,29134210;0,12677390
67,33230210;0,12677390
67,37326210;0,12677390
67,41422210;0,13568530
67,45518210;0,13568530
67,49614210;0,13568530
67,53710210;0,13568530
67,57806209;0,12677390
67,61902209;0,12677390
67,65998209;0,13568530
67,70094209;0,13568530
67,74190209;0,12677390
67,78286209;0,13568530
67,82382209;0,13568530
67,86478209;0,13568530
67,90574209;0,13568530
67,94670209;0,13568530
67,98766209;0,13568530
68,02862209;0,13568530
68,06958209;0,18027280
68,11054209;0,18918420
68,15150209;0,18027280
68,19246209;0,18027280
68,23342209;0,18027280
68,27438209;0,18027280
68,31534209;0,17136140
68,35630209;0,18027280
68,39726209;0,18027280
68,43822209;0,18027280
68,47918209;0,18027280
68,52014209;0,18027280
68,56110209;0,18027280
68,60206209;0,18027280
68,64302209;0,18027280
68,68398209;0,18918420
68,72494209;0,18918420
68,76590209;0,18027280
68,80686209;0,18027280
68,84782209;0,18027280
68,88878209;0,18027280
68,92974209;0,18918420
68,97070209;0,18027280
69,01166209;0,18027280
69,05262209;0,18027280
69,09358209;0,15350810
69,13454209;0,15350810
69,17550209;0,15350810
69,21646209;0,14459670
69,25742208;0,15350810
69,29838208;0,15350810
69,33934208;0,14459670
69,38030208;0,15350810
69,42126208;0,14459670
69,46222208;0,14459670
69,50318208;0,15350810
69,54414208;0,15350810
69,58510208;0,15350810
69,62606208;0,14459670
69,66702208;0,15350810
69,70798208;0,15350810
69,74894208;0,15350810
69,78990208;0,15350810
69,83086208;0,15350810
69,87182208;0,15350810
69,91278208;0,15350810
69,95374208;0,15350810
69,99470208;0,15350810
70,03566208;0,14459670
70,07662208;0,15350810
70,11758208;0,15350810
70,15854208;0,15350810
70,19950208;0,14459670
70,24046208;0,14459670
70,28142208;0,15350810
70,32238208;0,15350810
70,36334208;0,14459670
70,40430208;0,15350810
70,44526208;0,15350810
70,48622208;0,14459670
70,52718208;0,14459670
70,56814208;0,15350810
70,60910208;0,14459670
70,65006208;0,14459670
70,69102208;0,14459670
70,73198208;0,14459670
70,77294208;0,14459670
70,81390208;0,14459670
70,85486208;0,15350810
70,89582207;0,14459670
70,93678207;0,14459670
70,97774207;0,14459670
71,01870207;0,14459670
71,05966207;0,14459670
71,10062207;0,14459670
71,14158207;0,15350810
71,18254207;0,14459670
71,22350207;0,13568530
71,26446207;0,14459670
71,30542207;0,14459670
71,34638207;0,14459670
71,38734207;0,14459670
71,42830207;0,14459670
71,46926207;0,14459670
71,51022207;0,14459670
71,55118207;0,14459670
71,59214207;0,14459670
71,63310207;0,13568530
71,67406207;0,13568530
71,71502207;0,13568530
71,75598207;0,14459670
71,79694207;0,13568530
71,83790207;0,13568530
71,87886207;0,13568530
71,91982207;0,13568530
71,96078207;0,13568530
72,00174207;0,13568530
72,04270207;0,13568530
72,08366207;0,12677390
72,12462207;0,13568530
72,16558207;0,13568530
72,20654207;0,13568530
72,24750207;0,12677390
72,28846207;0,13568530
72,32942207;0,13568530
72,37038207;0,12677390
72,41134207;0,12677390
72,45230207;0,12677390
72,49326207;0,12677390
72,53422206;0,12677390
72,57518206;0,13568530
72,61614206;0,11783200
72,65710206;0,11783200
72,69806206;0,11783200
72,73902206;0,11783200
72,77998206;0,11783200
72,82094206;0,11783200
72,86190206;0,11783200
72,90286206;0,11783200
72,94382206;0,11783200
72,98478206;0,11783200
73,02574206;0,11783200
73,06670206;0,11783200
73,10766206;0,11783200
73,14862206;0,11783200
73,18958206;0,11783200
73,23054206;0,10892060
73,27150206;0,10892060
73,31246206;0,11783200
73,35342206;0,10892060
73,39438206;0,10892060
73,43534206;0,10892060
73,47630206;0,10892060
73,51726206;0,10892060
73,55822206;0,10892060
73,59918206;0,10892060
73,64014206;0,10892060
73,68110206;0,10892060
73,72206206;0,10892060
73,76302206;0,10892060
73,80398206;0,10892060
73,84494206;0,10000920
73,88590206;0,10000920
73,92686206;0,10892060
73,96782206;0,10892060
74,00878206;0,10000920
74,04974206;0,10892060
74,09070206;0,14459670
74,13166206;0,14459670
74,17262205;0,14459670
74,21358205;0,14459670
74,25454205;0,13568530
74,29550205;0,13568530
74,33646205;0,14459670
74,37742205;0,14459670
74,41838205;0,13568530
74,45934205;0,13568530
74,50030205;0,13568530
74,54126205;0,14459670
74,58222205;0,13568530
74,62318205;0,13568530
74,66414205;0,13568530
74,70510205;0,13568530
74,74606205;0,14459670
74,78702205;0,13568530
74,82798205;0,13568530
74,86894205;0,12677390
74,90990205;0,13568530
74,95086205;0,13568530
74,99182205;0,13568530
75,03278205;0,13568530
75,07374205;0,13568530
75,11470205;0,13568530
75,15566205;0,13568530
75,19662205;0,13568530
75,23758205;0,13568530
75,27854205;0,12677390
75,31950205;0,13568530
75,36046205;0,13568530
75,40142205;0,13568530
75,44238205;0,13568530
75,48334205;0,12677390
75,52430205;0,13568530
75,56526205;0,13568530
75,60622205;0,13568530
75,64718205;0,13568530
75,68814205;0,13568530
75,72910205;0,13568530
75,77006205;0,13568530
75,81102204;0,13568530
75,85198204;0,13568530
75,89294204;0,13568530
75,93390204;0,13568530
75,97486204;0,14459670
76,01582204;0,13568530
76,05678204;0,13568530
76,09774204;0,13568530
76,13870204;0,13568530
76,17966204;0,14459670
76,22062204;0,14459670
76,26158204;0,14459670
76,30254204;0,14459670
76,34350204;0,13568530
76,38446204;0,14459670
76,42542204;0,14459670
76,46638204;0,14459670
76,50734204;0,14459670
76,54830204;0,14459670
76,58926204;0,14459670
76,63022204;0,14459670
76,67118204;0,14459670
76,71214204;0,14459670
76,75310204;0,14459670
76,79406204;0,15350810
76,83502204;0,15350810
76,87598204;0,14459670
76,91694204;0,14459670
76,95790204;0,15350810
76,99886204;0,15350810
77,03982204;0,15350810
77,08078204;0,15350810
77,12174204;0,15350810
77,16270204;0,16241950
77,20366204;0,15350810
77,24462204;0,16241950
77,28558204;0,16241950
77,32654204;0,15350810
77,36750204;0,16241950
77,40846204;0,17136140
77,44942203;0,17136140
77,49038203;0,16241950
77,53134203;0,17136140
77,57230203;0,17136140
77,61326203;0,17136140
77,65422203;0,17136140
77,69518203;0,17136140
77,73614203;0,17136140
77,77710203;0,17136140
77,81806203;0,17136140
77,85902203;0,17136140
77,89998203;0,17136140
77,94094203;0,17136140
77,98190203;0,18027280
78,02286203;0,18027280
78,06382203;0,17136140
78,10478203;0,17136140
78,14574203;0,18027280
78,18670203;0,18027280
78,22766203;0,17136140
78,26862203;0,18027280
78,30958203;0,18027280
78,35054203;0,17136140
78,39150203;0,18027280
78,43246203;0,18027280
78,47342203;0,18027280
78,51438203;0,17136140
78,55534203;0,18027280
78,59630203;0,18918420
78,63726203;0,18918420
78,67822203;0,18027280
78,71918203;0,18027280
78,76014203;0,18027280
78,80110203;0,18027280
78,84206203;0,18918420
78,88302203;0,18027280
78,92398203;0,18027280
78,96494203;0,18027280
79,00590203;0,18918420
79,04686203;0,18918420
79,08782203;0,18027280
79,12878202;0,18027280
79,16974202;0,18918420
79,21070202;0,18918420
79,25166202;0,18027280
79,29262202;0,18918420
79,33358202;0,18918420
79,37454202;0,18027280
79,41550202;0,18918420
79,45646202;0,18918420
79,49742202;0,18027280
79,53838202;0,18027280
79,57934202;0,18918420
79,62030202;0,18918420
79,66126202;0,18918420
79,70222202;0,18027280
79,74318202;0,18027280
79,78414202;0,18918420
79,82510202;0,18918420
79,86606202;0,18918420
79,90702202;0,18918420
79,94798202;0,18918420
79,98894202;0,18918420
80,02990202;0,18918420
80,07086202;0,18918420
80,11182202;0,18027280
80,15278202;0,18027280
80,19374202;0,18918420
80,23470202;0,18918420
80,27566202;0,18918420
80,31662202;0,18918420
80,35758202;0,18027280
80,39854202;0,18027280
80,43950202;0,18918420
80,48046202;0,18918420
80,52142202;0,18027280
80,56238202;0,18027280
80,60334202;0,18918420
80,64430202;0,18918420
80,68526202;0,18027280
80,72622202;0,18027280
80,76718201;0,18027280
80,80814201;0,18027280
80,84910201;0,18027280
80,89006201;0,18027280
80,93102201;0,18027280
80,97198201;0,18027280
81,01294201;0,18027280
81,05390201;0,18027280
81,09486201;0,18027280
81,13582201;0,17136140
81,17678201;0,18027280
81,21774201;0,18027280
81,25870201;0,18027280
81,29966201;0,17136140
81,34062201;0,18027280
81,38158201;0,18027280
81,42254201;0,17136140
81,46350201;0,18027280
81,50446201;0,17136140
81,54542201;0,17136140
81,58638201;0,17136140
81,62734201;0,18027280
81,66830201;0,17136140
81,70926201;0,17136140
81,75022201;0,17136140
81,79118201;0,17136140
81,83214201;0,18027280
81,87310201;0,17136140
81,91406201;0,17136140
81,95502201;0,17136140
81,99598201;0,17136140
82,03694201;0,17136140
82,07790201;0,17136140
82,11886201;0,17136140
82,15982201;0,16241950
82,20078201;0,17136140
82,24174201;0,17136140
82,28270201;0,16241950
82,32366201;0,16241950
82,36462201;0,17136140
82,40558200;0,16241950
82,44654200;0,16241950
82,48750200;0,16241950
82,52846200;0,16241950
82,56942200;0,15350810
82,61038200;0,15350810
82,65134200;0,15350810
82,69230200;0,16241950
82,73326200;0,15350810
82,77422200;0,15350810
82,81518200;0,15350810
82,85614200;0,15350810
82,89710200;0,15350810
82,93806200;0,15350810
82,97902200;0,15350810
83,01998200;0,15350810
83,06094200;0,15350810
83,10190200;0,15350810
83,14286200;0,14459670
83,18382200;0,14459670
83,22478200;0,14459670
83,26574200;0,15350810
83,30670200;0,15350810
83,34766200;0,14459670
83,38862200;0,14459670
83,42958200;0,14459670
83,47054200;0,14459670
83,51150200;0,14459670
83,55246200;0,14459670
83,59342200;0,14459670
83,63438200;0,14459670
83,67534200;0,14459670
83,71630200;0,14459670
83,75726200;0,14459670
83,79822200;0,14459670
83,83918200;0,14459670
83,88014200;0,14459670
83,92110200;0,14459670
83,96206200;0,14459670
84,00302200;0,13568530
84,04398199;0,13568530
84,08494199;0,14459670
84,12590199;0,14459670
84,16686199;0,13568530
84,20782199;0,13568530
84,24878199;0,14459670
84,28974199;0,14459670
84,33070199;0,13568530
84,37166199;0,13568530
84,41262199;0,13568530
84,45358199;0,14459670
84,49454199;0,13568530
84,53550199;0,13568530
84,57646199;0,13568530
84,61742199;0,13568530
84,65838199;0,13568530
84,69934199;0,13568530
84,74030199;0,13568530
84,78126199;0,13568530
84,82222199;0,13568530
84,86318199;0,13568530
84,90414199;0,13568530
84,94510199;0,13568530
84,98606199;0,13568530
85,02702199;0,13568530
85,06798199;0,12677390
85,10894199;0,13568530
85,14990199;0,13568530
85,19086199;0,12677390
85,23182199;0,13568530
85,27278199;0,13568530
85,31374199;0,13568530
85,35470199;0,12677390
85,39566199;0,12677390
85,43662199;0,13568530
85,47758199;0,13568530
85,51854199;0,13568530
85,55950199;0,13568530
85,60046199;0,13568530
85,64142199;0,13568530
85,68238198;0,13568530
85,72334198;0,14459670
85,76430198;0,13568530
85,80526198;0,13568530
85,84622198;0,13568530
85,88718198;0,13568530
85,92814198;0,13568530
85,96910198;0,13568530
86,01006198;0,13568530
86,05102198;0,13568530
86,09198198;0,13568530
86,13294198;0,14459670
86,17390198;0,14459670
86,21486198;0,14459670
86,25582198;0,14459670
86,29678198;0,14459670
86,33774198;0,14459670
86,37870198;0,14459670
86,41966198;0,14459670
86,46062198;0,14459670
86,50158198;0,14459670
86,54254198;0,14459670
86,58350198;0,14459670
86,62446198;0,14459670
86,66542198;0,14459670
86,70638198;0,15350810
86,74734198;0,14459670
86,78830198;0,14459670
86,82926198;0,15350810
86,87022198;0,15350810
86,91118198;0,15350810
86,95214198;0,15350810
86,99310198;0,15350810
87,03406198;0,15350810
87,07502198;0,15350810
87,11598198;0,15350810
87,15694198;0,15350810
87,19790198;0,15350810
87,23886198;0,15350810
87,27982198;0,16241950
87,32078197;0,16241950
87,36174197;0,16241950
87,40270197;0,16241950
87,44366197;0,17136140
87,48462197;0,17136140
87,52558197;0,16241950
87,56654197;0,16241950
87,60750197;0,17136140
87,64846197;0,17136140
87,68942197;0,17136140
87,73038197;0,17136140
87,77134197;0,17136140
87,81230197;0,17136140
87,85326197;0,17136140
87,89422197;0,18027280
87,93518197;0,18027280
87,97614197;0,17136140
88,01710197;0,17136140
88,05806197;0,18027280
