time;V(V_tia);
0;1.0248;
2e-11;1.0248;
4e-11;1.0248;
8e-11;1.0248;
1.6e-10;1.0248;
3.2e-10;1.0248;
6.4e-10;1.0248;
1.28e-09;1.0248;
2e-09;1.0248;
2.128e-09;1.0248;
2.384e-09;1.0248;
2.896e-09;1.0248;
3.92e-09;1.0248;
4e-09;1.0248;
4.16e-09;1.0248;
4.48e-09;1.0248;
5.12e-09;1.0248;
6.4e-09;1.0248;
8.96e-09;1.0248;
1.408e-08;1.0248;
2.432e-08;1.0248;
4.48e-08;1.0248;
8.576e-08;1.0248;
1.6768e-07;1.02481;
3.3152e-07;1.02486;
5.88968e-07;1.02499;
8.34156e-07;1.02519;
1.07266e-06;1.02544;
1.33332e-06;1.02577;
1.58754e-06;1.02615;
1.87727e-06;1.02664;
2.1867e-06;1.02721;
2.47763e-06;1.02779;
2.58045e-06;1.02801;
2.63045e-06;1.02811;
2.64161e-06;1.02814;
2.64599e-06;1.02815;
2.64839e-06;1.02815;
2.64987e-06;1.02815;
2.65082e-06;1.02816;
2.65152e-06;1.02816;
2.65214e-06;1.02816;
2.65278e-06;1.02816;
2.65346e-06;1.02816;
2.65436e-06;1.02816;
2.65562e-06;1.02817;
2.65759e-06;1.02817;
2.66097e-06;1.02818;
2.66518e-06;1.02819;
2.66982e-06;1.0282;
2.67425e-06;1.02821;
2.67902e-06;1.02822;
2.68409e-06;1.02823;
2.68986e-06;1.02824;
2.69634e-06;1.02825;
2.70399e-06;1.02827;
2.71325e-06;1.02829;
2.72499e-06;1.02831;
2.74086e-06;1.02835;
2.76357e-06;1.0284;
2.80177e-06;1.02848;
2.87476e-06;1.02864;
3.02072e-06;1.02895;
3.31266e-06;1.0296;
3.79107e-06;1.03065;
4.29171e-06;1.03171;
4.8144e-06;1.03274;
5.15427e-06;1.03336;
5.48873e-06;1.03391;
5.83991e-06;1.03442;
6.22204e-06;1.03489;
6.59006e-06;1.03527;
7.18482e-06;1.0357;
7.97561e-06;1.03596;
8.97561e-06;1.03582;
9.97561e-06;1.03529;
1.09756e-05;1.03453;
1.19756e-05;1.03368;
1.29756e-05;1.03291;
1.39756e-05;1.0323;
1.49756e-05;1.03191;
1.5959e-05;1.03176;
1.6959e-05;1.03182;
1.7959e-05;1.03203;
1.87509e-05;1.03228;
1.94852e-05;1.03253;
2.03072e-05;1.03282;
2.11279e-05;1.03307;
2.21279e-05;1.03331;
2.31279e-05;1.03346;
2.41279e-05;1.03351;
2.51279e-05;1.03347;
2.61279e-05;1.03338;
2.71279e-05;1.03325;
2.81279e-05;1.03311;
2.91279e-05;1.03298;
3.01279e-05;1.03288;
3.11279e-05;1.03282;
3.21279e-05;1.0328;
3.31279e-05;1.03281;
3.41279e-05;1.03285;
3.51279e-05;1.0329;
3.61279e-05;1.03296;
3.71279e-05;1.03301;
3.81279e-05;1.03305;
3.91279e-05;1.03308;
4.0004e-05;1.03309;
4.00042e-05;1.03309;
4.00046e-05;1.03309;
4.00054e-05;1.03309;
4.0006e-05;1.03309;
4.00062e-05;1.03309;
4.00065e-05;1.03309;
4.00071e-05;1.03309;
4.00084e-05;1.03309;
4.0011e-05;1.03309;
4.00161e-05;1.03309;
4.00263e-05;1.03309;
4.00468e-05;1.03309;
4.00878e-05;1.03309;
4.01697e-05;1.03308;
4.03335e-05;1.03303;
4.06612e-05;1.03285;
4.1204e-05;1.03229;
4.17765e-05;1.03143;
4.249e-05;1.03007;
4.33146e-05;1.02828;
4.41685e-05;1.02641;
4.50163e-05;1.02473;
4.57695e-05;1.02349;
4.60779e-05;1.02308;
4.6271e-05;1.02285;
4.63821e-05;1.02272;
4.6447e-05;1.02265;
4.64848e-05;1.02262;
4.65066e-05;1.02259;
4.65294e-05;1.02257;
4.65404e-05;1.02256;
4.65471e-05;1.02255;
4.6551e-05;1.02255;
4.65533e-05;1.02255;
4.6555e-05;1.02255;
4.65567e-05;1.02255;
4.65584e-05;1.02254;
4.65613e-05;1.02254;
4.65651e-05;1.02254;
4.65716e-05;1.02253;
4.65848e-05;1.02252;
4.66032e-05;1.0225;
4.66288e-05;1.02248;
4.6662e-05;1.02245;
4.67065e-05;1.02241;
4.67645e-05;1.02236;
4.68431e-05;1.0223;
4.69502e-05;1.02222;
4.71057e-05;1.02211;
4.73465e-05;1.02198;
4.74807e-05;1.02192;
4.75802e-05;1.02189;
4.76672e-05;1.02186;
4.77608e-05;1.02184;
4.78679e-05;1.02181;
4.7996e-05;1.0218;
4.81701e-05;1.02179;
4.84104e-05;1.0218;
4.8766e-05;1.02187;
4.93073e-05;1.02208;
5.01451e-05;1.0226;
5.09224e-05;1.02322;
5.15447e-05;1.02375;
5.21905e-05;1.0243;
5.28258e-05;1.0248;
5.35867e-05;1.02531;
5.4496e-05;1.02575;
5.5496e-05;1.02601;
5.6496e-05;1.02605;
5.7496e-05;1.02589;
5.83742e-05;1.02565;
5.90731e-05;1.02541;
5.99047e-05;1.02512;
6.07401e-05;1.02485;
6.16847e-05;1.02459;
6.26847e-05;1.0244;
6.36847e-05;1.02431;
6.46847e-05;1.02431;
6.56847e-05;1.02438;
6.66847e-05;1.0245;
6.76847e-05;1.02464;
6.86847e-05;1.02478;
6.96847e-05;1.02489;
7.06847e-05;1.02497;
7.16847e-05;1.02501;
7.26847e-05;1.02501;
7.36847e-05;1.02498;
7.46847e-05;1.02493;
7.56847e-05;1.02487;
7.66847e-05;1.02482;
7.76847e-05;1.02477;
7.86847e-05;1.02474;
7.96847e-05;1.02472;
8.0002e-05;1.02472;
8.00022e-05;1.02472;
8.00026e-05;1.02472;
8.00034e-05;1.02472;
8.0004e-05;1.02472;
8.00042e-05;1.02472;
8.00045e-05;1.02472;
8.00051e-05;1.02472;
8.00064e-05;1.02472;
8.0009e-05;1.02472;
8.00141e-05;1.02472;
8.00243e-05;1.02472;
8.00448e-05;1.02472;
8.00858e-05;1.02472;
8.01677e-05;1.02473;
8.03315e-05;1.02477;
8.06592e-05;1.02496;
8.12177e-05;1.02553;
8.18121e-05;1.02644;
8.25633e-05;1.02789;
8.33798e-05;1.02967;
8.42226e-05;1.03151;
8.50586e-05;1.03316;
8.6015e-05;1.03465;
8.63771e-05;1.03508;
8.66078e-05;1.03531;
8.67402e-05;1.03543;
8.69045e-05;1.03556;
8.70274e-05;1.03565;
8.71678e-05;1.03573;
8.73036e-05;1.03581;
8.73389e-05;1.03583;
8.7343e-05;1.03583;
8.73452e-05;1.03583;
8.73475e-05;1.03583;
8.73495e-05;1.03583;
8.73515e-05;1.03583;
8.73537e-05;1.03583;
8.73559e-05;1.03583;
8.73584e-05;1.03583;
8.73613e-05;1.03584;
8.73647e-05;1.03584;
8.73689e-05;1.03584;
8.7373e-05;1.03584;
8.73772e-05;1.03584;
8.73814e-05;1.03585;
8.73859e-05;1.03585;
8.73906e-05;1.03585;
8.73957e-05;1.03585;
8.74014e-05;1.03585;
8.74077e-05;1.03586;
8.74154e-05;1.03586;
8.74242e-05;1.03586;
8.74363e-05;1.03587;
8.74507e-05;1.03588;
8.7475e-05;1.03588;
8.7507e-05;1.0359;
8.75612e-05;1.03592;
8.76398e-05;1.03594;
8.7761e-05;1.03597;
8.79688e-05;1.03601;
8.83714e-05;1.03601;
8.88755e-05;1.03591;
8.92647e-05;1.03575;
8.95643e-05;1.03559;
8.99108e-05;1.03537;
9.02025e-05;1.03516;
9.05308e-05;1.03491;
9.10431e-05;1.03448;
9.17329e-05;1.03389;
9.27329e-05;1.03308;
9.37329e-05;1.03242;
9.47329e-05;1.03197;
9.57323e-05;1.03176;
9.6685e-05;1.03177;
9.7685e-05;1.03195;
9.84848e-05;1.03219;
9.92165e-05;1.03244;
0.000100053;1.03273;
0.000100812;1.03298;
0.000101812;1.03325;
0.000102812;1.03343;
0.000103812;1.03351;
0.000104812;1.0335;
0.000105812;1.03342;
0.000106812;1.03329;
0.000107812;1.03315;
0.000108812;1.03301;
0.000109812;1.0329;
0.000110812;1.03283;
0.000111812;1.0328;
0.000112812;1.0328;
0.000113812;1.03283;
0.000114812;1.03288;
0.000115812;1.03294;
0.000116812;1.033;
0.000117812;1.03304;
0.000118812;1.03307;
0.000119812;1.03309;
0.000120004;1.03309;
0.000120004;1.03309;
0.000120005;1.03309;
0.000120005;1.03309;
0.000120006;1.03309;
0.000120006;1.03309;
0.000120006;1.03309;
0.000120007;1.03309;
0.000120008;1.03309;
0.000120011;1.03309;
0.000120016;1.03309;
0.000120026;1.03309;
0.000120047;1.03309;
0.000120088;1.03309;
0.00012017;1.03308;
0.000120334;1.03303;
0.000120661;1.03285;
0.000121204;1.03229;
0.000121777;1.03143;
0.000122491;1.03007;
0.000123315;1.02828;
0.000124169;1.02641;
0.000125017;1.02472;
0.00012577;1.02349;
0.000126078;1.02308;
0.000126271;1.02285;
0.000126382;1.02272;
0.000126447;1.02265;
0.000126485;1.02262;
0.000126507;1.02259;
0.000126529;1.02257;
0.00012654;1.02256;
0.000126547;1.02255;
0.000126551;1.02255;
0.000126553;1.02255;
0.000126555;1.02255;
0.000126557;1.02255;
0.000126558;1.02254;
0.000126561;1.02254;
0.000126564;1.02254;
0.000126568;1.02253;
0.000126577;1.02253;
0.000126591;1.02251;
0.000126613;1.02249;
0.00012664;1.02247;
0.000126679;1.02243;
0.000126727;1.02239;
0.000126793;1.02234;
0.00012688;1.02227;
0.000127005;1.02218;
0.000127185;1.02206;
0.000127484;1.02192;
0.00012761;1.02188;
0.000127754;1.02184;
0.000127884;1.02181;
0.000128033;1.02179;
0.000128202;1.02179;
0.000128401;1.0218;
0.000128658;1.02184;
0.000128987;1.02195;
0.000129436;1.02215;
0.000130054;1.02254;
0.000130921;1.02322;
0.000131539;1.02375;
0.000132184;1.02429;
0.000132862;1.02483;
0.000133594;1.02531;
0.000134524;1.02576;
0.000135524;1.02602;
0.000136524;1.02604;
0.000137524;1.02589;
0.00013841;1.02564;
0.000139099;1.0254;
0.000139923;1.02511;
0.00014079;1.02483;
0.000141706;1.02458;
0.000142706;1.02439;
0.000143706;1.02431;
0.000144706;1.02431;
0.000145706;1.02438;
0.000146706;1.0245;
0.000147706;1.02464;
0.000148706;1.02478;
0.000149706;1.02489;
0.000150706;1.02497;
0.000151706;1.02501;
0.000152706;1.02501;
0.000153706;1.02498;
0.000154706;1.02493;
0.000155706;1.02487;
0.000156706;1.02481;
0.000157706;1.02477;
0.000158706;1.02474;
0.000159706;1.02472;
0.000160002;1.02472;
0.000160002;1.02472;
0.000160003;1.02472;
0.000160003;1.02472;
0.000160004;1.02472;
0.000160004;1.02472;
0.000160004;1.02472;
0.000160005;1.02472;
0.000160006;1.02472;
0.000160009;1.02472;
0.000160014;1.02472;
0.000160024;1.02472;
0.000160045;1.02472;
0.000160086;1.02472;
0.000160168;1.02473;
0.000160332;1.02477;
0.000160659;1.02496;
0.000161217;1.02553;
0.000161812;1.02644;
0.000162563;1.02789;
0.00016338;1.02967;
0.000164223;1.03151;
0.000165058;1.03316;
0.000166015;1.03465;
0.000166377;1.03508;
0.000166608;1.03531;
0.00016674;1.03543;
0.000166904;1.03556;
0.000167027;1.03565;
0.000167168;1.03573;
0.000167303;1.03581;
0.000167339;1.03583;
0.000167343;1.03583;
0.000167345;1.03583;
0.000167347;1.03583;
0.000167349;1.03583;
0.000167351;1.03583;
0.000167353;1.03583;
0.000167356;1.03583;
0.000167358;1.03583;
0.000167361;1.03584;
0.000167364;1.03584;
0.000167368;1.03584;
0.000167372;1.03584;
0.000167376;1.03584;
0.000167381;1.03584;
0.000167385;1.03585;
0.00016739;1.03585;
0.000167395;1.03585;
0.0001674;1.03585;
0.000167407;1.03586;
0.000167414;1.03586;
0.000167423;1.03586;
0.000167434;1.03587;
0.000167448;1.03587;
0.000167471;1.03588;
0.0001675;1.03589;
0.000167552;1.03591;
0.000167626;1.03594;
0.000167741;1.03597;
0.000167932;1.03601;
0.000168297;1.03602;
0.000169026;1.03586;
0.000169459;1.03565;
0.00017004;1.03528;
0.000170443;1.03498;
0.000170896;1.03461;
0.000171578;1.03403;
0.000172317;1.0334;
0.000173317;1.03267;
0.000174317;1.03213;
0.000175317;1.03182;
0.000176273;1.03174;
0.000177273;1.03186;
0.000178143;1.03208;
0.000178893;1.03233;
0.000179634;1.03259;
0.000180444;1.03286;
0.000181307;1.03312;
0.000182307;1.03335;
0.000183307;1.03348;
0.000184307;1.03351;
0.000185307;1.03346;
0.000186307;1.03336;
0.000187307;1.03322;
0.000188307;1.03308;
0.000189307;1.03296;
0.000190307;1.03286;
0.000191307;1.03281;
0.000192307;1.03279;
0.000193307;1.03281;
0.000194307;1.03286;
0.000195307;1.03291;
0.000196307;1.03297;
0.000197307;1.03302;
0.000198307;1.03306;
0.000199307;1.03308;
0.000200004;1.03309;
0.000200004;1.03309;
0.000200005;1.03309;
0.000200005;1.03309;
0.000200006;1.03309;
0.000200006;1.03309;
0.000200006;1.03309;
0.000200007;1.03309;
0.000200008;1.03309;
0.000200011;1.03309;
0.000200016;1.03309;
0.000200026;1.03309;
0.000200047;1.03309;
0.000200088;1.03309;
0.00020017;1.03308;
0.000200334;1.03303;
0.000200661;1.03285;
0.000201204;1.03229;
0.000201777;1.03143;
0.000202491;1.03007;
0.000203315;1.02828;
0.000204169;1.02641;
0.000205017;1.02472;
0.00020577;1.02349;
0.000206078;1.02308;
0.000206271;1.02285;
0.000206382;1.02272;
0.000206447;1.02265;
0.000206485;1.02262;
0.000206507;1.02259;
0.00020653;1.02257;
0.00020654;1.02256;
0.000206547;1.02255;
0.000206551;1.02255;
0.000206553;1.02255;
0.000206555;1.02255;
0.000206557;1.02255;
0.000206558;1.02254;
0.000206561;1.02254;
0.000206564;1.02254;
0.00020657;1.02253;
0.00020658;1.02252;
0.000206596;1.02251;
0.000206619;1.02249;
0.000206649;1.02246;
0.00020669;1.02242;
0.000206742;1.02238;
0.000206813;1.02232;
0.000206907;1.02225;
0.000207043;1.02215;
0.000207245;1.02203;
0.000207422;1.02195;
0.000207536;1.0219;
0.000207693;1.02185;
0.000207799;1.02183;
0.000207935;1.0218;
0.000208206;1.02179;
0.000208555;1.02182;
0.000209239;1.02205;
0.000210239;1.02266;
0.000211011;1.02328;
0.000211756;1.02392;
0.000212383;1.02445;
0.000213058;1.02496;
0.000214005;1.02553;
0.000215005;1.02591;
0.000216005;1.02606;
0.000217005;1.02599;
0.000218005;1.02577;
0.000218818;1.02551;
0.000219549;1.02525;
0.000220361;1.02497;
0.000221274;1.02469;
0.000222274;1.02446;
0.000223274;1.02433;
0.000224274;1.02429;
0.000225274;1.02434;
0.000226274;1.02444;
0.000227274;1.02458;
0.000228274;1.02472;
0.000229274;1.02485;
0.000230274;1.02494;
0.000231274;1.025;
0.000232274;1.02501;
0.000233274;1.02499;
0.000234274;1.02495;
0.000235274;1.0249;
0.000236274;1.02484;
0.000237274;1.02479;
0.000238274;1.02475;
0.000239274;1.02472;
0.000240002;1.02472;
0.000240002;1.02472;
0.000240003;1.02472;
0.000240003;1.02472;
0.000240004;1.02472;
0.000240004;1.02472;
0.000240004;1.02472;
0.000240005;1.02472;
0.000240006;1.02472;
0.000240009;1.02472;
0.000240014;1.02472;
0.000240024;1.02472;
0.000240045;1.02472;
0.000240086;1.02472;
0.000240168;1.02473;
0.000240332;1.02477;
0.000240659;1.02496;
0.000241218;1.02553;
0.000241812;1.02644;
0.000242564;1.02789;
0.00024338;1.02967;
0.000244223;1.03151;
0.000245059;1.03316;
0.000246015;1.03465;
0.000246377;1.03508;
0.000246608;1.03531;
0.00024674;1.03543;
0.000246905;1.03556;
0.000247028;1.03565;
0.000247168;1.03573;
0.000247304;1.03581;
0.000247339;1.03583;
0.000247343;1.03583;
0.000247346;1.03583;
0.000247348;1.03583;
0.00024735;1.03583;
0.000247352;1.03583;
0.000247354;1.03583;
0.000247356;1.03583;
0.000247358;1.03583;
0.000247361;1.03584;
0.000247364;1.03584;
0.000247367;1.03584;
0.000247372;1.03584;
0.000247376;1.03584;
0.00024738;1.03584;
0.000247384;1.03585;
0.000247389;1.03585;
0.000247394;1.03585;
0.000247399;1.03585;
0.000247405;1.03586;
0.000247413;1.03586;
0.000247421;1.03586;
0.000247432;1.03587;
0.000247444;1.03587;
0.000247465;1.03588;
0.000247491;1.03589;
0.00024754;1.03591;
0.000247607;1.03593;
0.000247714;1.03596;
0.000247884;1.036;
0.000248202;1.03602;
0.00024884;1.03592;
0.000249393;1.03569;
0.000249825;1.03543;
0.000250279;1.03511;
0.000250732;1.03475;
0.000251203;1.03435;
0.000251847;1.03379;
0.000252692;1.03311;
0.000253692;1.03244;
0.000254692;1.03198;
0.000255692;1.03177;
0.000256635;1.03177;
0.000257635;1.03194;
0.000258442;1.03218;
0.000259175;1.03243;
0.000260015;1.03272;
0.000260771;1.03297;
0.000261771;1.03324;
0.000262771;1.03342;
0.000263771;1.0335;
0.000264771;1.0335;
0.000265771;1.03342;
0.000266771;1.0333;
0.000267771;1.03315;
0.000268771;1.03302;
0.000269771;1.03291;
0.000270771;1.03283;
0.000271771;1.0328;
0.000272771;1.0328;
0.000273771;1.03283;
0.000274771;1.03288;
0.000275771;1.03294;
0.000276771;1.03299;
0.000277771;1.03304;
0.000278771;1.03307;
0.000279771;1.03309;
0.000280004;1.03309;
0.000280004;1.03309;
0.000280005;1.03309;
0.000280005;1.03309;
0.000280006;1.03309;
0.000280006;1.03309;
0.000280006;1.03309;
0.000280007;1.03309;
0.000280008;1.03309;
0.000280011;1.03309;
0.000280016;1.03309;
0.000280026;1.03309;
0.000280047;1.03309;
0.000280088;1.03309;
0.00028017;1.03308;
0.000280334;1.03303;
0.000280661;1.03285;
0.000281204;1.03229;
0.000281777;1.03143;
0.000282491;1.03007;
0.000283315;1.02828;
0.000284169;1.02641;
0.000285017;1.02472;
0.00028577;1.02349;
0.000286078;1.02308;
0.000286271;1.02285;
0.000286382;1.02272;
0.000286447;1.02265;
0.000286485;1.02262;
0.000286507;1.02259;
0.000286529;1.02257;
0.00028654;1.02256;
0.000286547;1.02255;
0.000286551;1.02255;
0.000286553;1.02255;
0.000286555;1.02255;
0.000286557;1.02255;
0.000286558;1.02254;
0.000286561;1.02254;
0.000286564;1.02254;
0.000286569;1.02253;
0.000286579;1.02252;
0.000286595;1.02251;
0.000286618;1.02249;
0.000286647;1.02246;
0.000286687;1.02243;
0.000286738;1.02238;
0.000286808;1.02232;
0.000286901;1.02225;
0.000287035;1.02216;
0.000287232;1.02204;
0.000287424;1.02195;
0.00028754;1.0219;
0.000287699;1.02185;
0.000287804;1.02183;
0.000287942;1.0218;
0.000288218;1.02179;
0.000288647;1.02184;
0.000289472;1.02216;
0.000290472;1.02284;
0.000291121;1.02338;
0.000291923;1.02407;
0.000292487;1.02453;
0.000293174;1.02504;
0.000294174;1.02561;
0.000295174;1.02596;
0.000296174;1.02606;
0.000297174;1.02597;
0.00029805;1.02575;
0.000298823;1.02551;
0.000299546;1.02525;
0.000300354;1.02497;
0.000301279;1.02469;
0.000302279;1.02446;
0.000303279;1.02433;
0.000304279;1.02429;
0.000305279;1.02434;
0.000306279;1.02444;
0.000307279;1.02458;
0.000308279;1.02472;
0.000309279;1.02485;
0.000310279;1.02494;
0.000311279;1.025;
0.000312279;1.02501;
0.000313279;1.02499;
0.000314279;1.02495;
0.000315279;1.0249;
0.000316279;1.02484;
0.000317279;1.02479;
0.000318279;1.02475;
0.000319279;1.02472;
0.000320002;1.02472;
0.000320002;1.02472;
0.000320003;1.02472;
0.000320003;1.02472;
0.000320004;1.02472;
0.000320004;1.02472;
0.000320004;1.02472;
0.000320005;1.02472;
0.000320006;1.02472;
0.000320009;1.02472;
0.000320014;1.02472;
0.000320024;1.02472;
0.000320045;1.02472;
0.000320086;1.02472;
0.000320168;1.02473;
0.000320332;1.02477;
0.000320659;1.02496;
0.000321218;1.02553;
0.000321812;1.02644;
0.000322564;1.02789;
0.00032338;1.02967;
0.000324223;1.03151;
0.000325059;1.03316;
0.000326015;1.03465;
0.000326377;1.03508;
0.000326608;1.03531;
0.00032674;1.03543;
0.000326905;1.03556;
0.000327028;1.03565;
0.000327168;1.03573;
0.000327304;1.03581;
0.000327339;1.03583;
0.000327343;1.03583;
0.000327346;1.03583;
0.000327348;1.03583;
0.00032735;1.03583;
0.000327352;1.03583;
0.000327354;1.03583;
0.000327356;1.03583;
0.000327358;1.03583;
0.000327361;1.03584;
0.000327364;1.03584;
0.000327368;1.03584;
0.000327372;1.03584;
0.000327376;1.03584;
0.00032738;1.03584;
0.000327385;1.03585;
0.000327389;1.03585;
0.000327394;1.03585;
0.0003274;1.03585;
0.000327406;1.03586;
0.000327413;1.03586;
0.000327421;1.03586;
0.000327432;1.03587;
0.000327445;1.03587;
0.000327467;1.03588;
0.000327494;1.03589;
0.000327543;1.03591;
0.000327611;1.03593;
0.000327721;1.03597;
0.000327895;1.036;
0.000328225;1.03602;
0.000328883;1.03591;
0.000329398;1.03568;
0.000329833;1.03542;
0.000330284;1.0351;
0.000330718;1.03476;
0.000331206;1.03434;
0.000331846;1.03379;
0.000332722;1.03309;
0.000333722;1.03242;
0.000334722;1.03197;
0.000335722;1.03176;
0.000336672;1.03177;
0.000337672;1.03195;
0.000338473;1.03219;
0.000339205;1.03244;
0.000340042;1.03273;
0.000340801;1.03298;
0.000341801;1.03325;
0.000342801;1.03342;
0.000343801;1.03351;
0.000344801;1.0335;
0.000345801;1.03342;
0.000346801;1.03329;
0.000347801;1.03315;
0.000348801;1.03302;
0.000349801;1.03291;
0.000350801;1.03283;
0.000351801;1.0328;
0.000352801;1.0328;
0.000353801;1.03283;
0.000354801;1.03288;
0.000355801;1.03294;
0.000356801;1.033;
0.000357801;1.03304;
0.000358801;1.03307;
0.000359801;1.03309;
0.000360004;1.03309;
0.000360004;1.03309;
0.000360005;1.03309;
0.000360005;1.03309;
0.000360006;1.03309;
0.000360006;1.03309;
0.000360006;1.03309;
0.000360007;1.03309;
0.000360008;1.03309;
0.000360011;1.03309;
0.000360016;1.03309;
0.000360026;1.03309;
0.000360047;1.03309;
0.000360088;1.03309;
0.00036017;1.03308;
0.000360334;1.03303;
0.000360661;1.03285;
0.000361204;1.03229;
0.000361777;1.03143;
0.000362491;1.03007;
0.000363315;1.02828;
0.000364169;1.02641;
0.000365017;1.02472;
0.00036577;1.02349;
0.000366078;1.02308;
0.000366271;1.02285;
0.000366382;1.02272;
0.000366447;1.02265;
0.000366485;1.02262;
0.000366507;1.02259;
0.000366529;1.02257;
0.00036654;1.02256;
0.000366547;1.02255;
0.000366551;1.02255;
0.000366553;1.02255;
0.000366555;1.02255;
0.000366557;1.02255;
0.000366558;1.02254;
0.000366561;1.02254;
0.000366564;1.02254;
0.000366569;1.02253;
0.000366579;1.02252;
0.000366593;1.02251;
0.000366616;1.02249;
0.000366644;1.02246;
0.000366684;1.02243;
0.000366733;1.02239;
0.000366802;1.02233;
0.000366892;1.02226;
0.000367022;1.02217;
0.000367211;1.02205;
0.000367445;1.02194;
0.000367564;1.02189;
0.000367713;1.02185;
0.000367833;1.02182;
0.000367969;1.0218;
0.00036824;1.02179;
0.000368541;1.02182;
0.000369104;1.02199;
0.00036995;1.02246;
0.00037095;1.02323;
0.000371627;1.02381;
0.000372337;1.02441;
0.000373053;1.02496;
0.000373856;1.02546;
0.000374829;1.02586;
0.000375829;1.02605;
0.000376829;1.02602;
0.000377829;1.02581;
0.000378658;1.02556;
0.000379365;1.02531;
0.000380179;1.02503;
0.000381077;1.02475;
0.000382075;1.0245;
0.000383075;1.02435;
0.000384075;1.02429;
0.000385075;1.02432;
0.000386075;1.02442;
0.000387075;1.02455;
0.000388075;1.02469;
0.000389075;1.02482;
0.000390075;1.02492;
0.000391075;1.02499;
0.000392075;1.02501;
0.000393075;1.025;
0.000394075;1.02496;
0.000395075;1.02491;
0.000396075;1.02485;
0.000397075;1.0248;
0.000398075;1.02475;
0.000399075;1.02473;
0.000400002;1.02472;
0.000400002;1.02472;
0.000400003;1.02472;
0.000400003;1.02472;
0.000400004;1.02472;
0.000400004;1.02472;
0.000400004;1.02472;
0.000400005;1.02472;
0.000400006;1.02472;
0.000400009;1.02472;
0.000400014;1.02472;
0.000400024;1.02472;
0.000400045;1.02472;
0.000400086;1.02472;
0.000400168;1.02473;
0.000400332;1.02477;
0.000400659;1.02496;
0.000401218;1.02553;
0.000401813;1.02644;
0.000402564;1.0279;
0.00040338;1.02967;
0.000404223;1.03152;
0.000405059;1.03316;
0.000406015;1.03465;
0.000406377;1.03508;
0.000406608;1.03531;
0.00040674;1.03543;
0.000406904;1.03556;
0.000407027;1.03565;
0.000407168;1.03573;
0.000407304;1.03581;
0.000407339;1.03583;
0.000407344;1.03583;
0.000407346;1.03583;
0.000407348;1.03583;
0.00040735;1.03583;
0.000407352;1.03583;
0.000407353;1.03583;
0.000407355;1.03583;
0.000407357;1.03583;
0.00040736;1.03584;
0.000407363;1.03584;
0.000407366;1.03584;
0.00040737;1.03584;
0.000407374;1.03584;
0.000407379;1.03584;
0.000407383;1.03585;
0.000407388;1.03585;
0.000407392;1.03585;
0.000407398;1.03585;
0.000407403;1.03585;
0.00040741;1.03586;
0.000407418;1.03586;
0.000407428;1.03587;
0.00040744;1.03587;
0.000407458;1.03588;
0.000407481;1.03589;
0.000407525;1.0359;
0.000407585;1.03593;
0.000407685;1.03596;
0.00040784;1.03599;
0.000408119;1.03602;
0.000408676;1.03596;
0.000409295;1.03574;
0.000409657;1.03554;
0.000410081;1.03525;
0.000410423;1.03499;
0.000410805;1.03468;
0.000411325;1.03424;
0.000411983;1.03368;
0.000412983;1.0329;
0.000413983;1.03228;
0.000414983;1.0319;
0.000415961;1.03175;
0.000416961;1.03181;
0.000417961;1.03203;
0.00041875;1.03228;
0.000419484;1.03253;
0.000420304;1.03282;
0.000421119;1.03307;
0.000422119;1.03331;
0.000423119;1.03346;
0.000424119;1.03351;
0.000425119;1.03348;
0.000426119;1.03338;
0.000427119;1.03325;
0.000428119;1.03311;
0.000429119;1.03298;
0.000430119;1.03288;
0.000431119;1.03282;
0.000432119;1.03279;
0.000433119;1.03281;
0.000434119;1.03285;
0.000435119;1.0329;
0.000436119;1.03296;
0.000437119;1.03301;
0.000438119;1.03305;
0.000439119;1.03308;
0.000440004;1.03309;
0.000440004;1.03309;
0.000440005;1.03309;
0.000440005;1.03309;
0.000440006;1.03309;
0.000440006;1.03309;
0.000440006;1.03309;
0.000440007;1.03309;
0.000440008;1.03309;
0.000440011;1.03309;
0.000440016;1.03309;
0.000440026;1.03309;
0.000440047;1.03309;
0.000440088;1.03309;
0.00044017;1.03308;
0.000440334;1.03303;
0.000440661;1.03285;
0.000441204;1.03229;
0.000441777;1.03143;
0.000442491;1.03007;
0.000443315;1.02828;
0.000444169;1.02641;
0.000445017;1.02472;
0.00044577;1.02349;
0.000446078;1.02308;
0.000446271;1.02285;
0.000446382;1.02272;
0.000446447;1.02265;
0.000446485;1.02262;
0.000446507;1.02259;
0.000446529;1.02257;
0.00044654;1.02256;
0.000446547;1.02255;
0.000446551;1.02255;
0.000446553;1.02255;
0.000446555;1.02255;
0.000446557;1.02255;
0.000446558;1.02254;
0.00044656;1.02254;
0.000446563;1.02254;
0.000446568;1.02253;
0.000446577;1.02253;
0.00044659;1.02251;
0.000446612;1.02249;
0.000446638;1.02247;
0.000446676;1.02243;
0.000446724;1.02239;
0.000446789;1.02234;
0.000446874;1.02227;
0.000446997;1.02218;
0.000447172;1.02207;
0.000447462;1.02193;
0.000447587;1.02188;
0.000447737;1.02184;
0.000447874;1.02181;
0.000448014;1.02179;
0.000448226;1.02179;
0.000448451;1.02181;
0.000448785;1.02188;
0.00044923;1.02205;
0.00044985;1.0224;
0.000450768;1.02309;
0.000451289;1.02353;
0.000451883;1.02404;
0.000452419;1.02449;
0.000452995;1.02492;
0.000453739;1.0254;
0.000454629;1.0258;
0.000455629;1.02603;
0.000456629;1.02603;
0.000457629;1.02586;
0.00045848;1.02561;
0.000459174;1.02538;
0.000459996;1.02509;
0.000460868;1.02481;
0.000461818;1.02456;
0.000462818;1.02438;
0.000463818;1.0243;
0.000464818;1.02431;
0.000465818;1.02439;
0.000466818;1.02452;
0.000467818;1.02466;
0.000468818;1.02479;
0.000469818;1.0249;
0.000470818;1.02498;
0.000471818;1.02501;
0.000472818;1.025;
0.000473818;1.02497;
0.000474818;1.02492;
0.000475818;1.02486;
0.000476818;1.02481;
0.000477818;1.02476;
0.000478818;1.02473;
0.000479818;1.02472;
0.000480002;1.02472;
0.000480002;1.02472;
0.000480003;1.02472;
0.000480003;1.02472;
0.000480004;1.02472;
0.000480004;1.02472;
0.000480004;1.02472;
0.000480005;1.02472;
0.000480006;1.02472;
0.000480009;1.02472;
0.000480014;1.02472;
0.000480024;1.02472;
0.000480045;1.02472;
0.000480086;1.02472;
0.000480168;1.02473;
0.000480332;1.02477;
0.000480659;1.02496;
0.000481218;1.02553;
0.000481812;1.02644;
0.000482563;1.02789;
0.00048338;1.02967;
0.000484223;1.03151;
0.000485059;1.03316;
0.000486015;1.03465;
0.000486377;1.03508;
0.000486608;1.03531;
0.00048674;1.03543;
0.000486904;1.03556;
0.000487027;1.03565;
0.000487168;1.03573;
0.000487304;1.03581;
0.000487339;1.03583;
0.000487343;1.03583;
0.000487345;1.03583;
0.000487347;1.03583;
0.000487349;1.03583;
0.000487351;1.03583;
0.000487354;1.03583;
0.000487356;1.03583;
0.000487358;1.03583;
0.000487361;1.03584;
0.000487365;1.03584;
0.000487369;1.03584;
0.000487373;1.03584;
0.000487377;1.03584;
0.000487382;1.03585;
0.000487386;1.03585;
0.000487391;1.03585;
0.000487396;1.03585;
0.000487402;1.03585;
0.000487408;1.03586;
0.000487416;1.03586;
0.000487425;1.03586;
0.000487437;1.03587;
0.000487452;1.03588;
0.000487477;1.03589;
0.00048751;1.0359;
0.000487566;1.03592;
0.000487647;1.03594;
0.000487772;1.03598;
0.000487989;1.03601;
0.000488412;1.03601;
0.000488926;1.03589;
0.000489304;1.03573;
0.000489628;1.03555;
0.000489981;1.03532;
0.000490313;1.03508;
0.000490664;1.0348;
0.000491199;1.03435;
0.000491919;1.03373;
0.000492919;1.03294;
0.000493919;1.03232;
0.000494919;1.03191;
0.000495902;1.03175;
0.000496902;1.0318;
0.000497902;1.03201;
0.000498686;1.03226;
0.000499416;1.03251;
0.00050024;1.0328;
0.000501037;1.03305;
0.000502037;1.0333;
0.000503037;1.03345;
0.000504037;1.03351;
0.000505037;1.03348;
0.000506037;1.03339;
0.000507037;1.03326;
0.000508037;1.03312;
0.000509037;1.03299;
0.000510037;1.03288;
0.000511037;1.03282;
0.000512037;1.0328;
0.000513037;1.03281;
0.000514037;1.03284;
0.000515037;1.0329;
0.000516037;1.03295;
0.000517037;1.03301;
0.000518037;1.03305;
0.000519037;1.03308;
0.000520004;1.03309;
0.000520004;1.03309;
0.000520005;1.03309;
0.000520005;1.03309;
0.000520006;1.03309;
0.000520006;1.03309;
0.000520006;1.03309;
0.000520007;1.03309;
0.000520008;1.03309;
0.000520011;1.03309;
0.000520016;1.03309;
0.000520026;1.03309;
0.000520047;1.03309;
0.000520088;1.03309;
0.00052017;1.03308;
0.000520334;1.03303;
0.000520661;1.03285;
0.000521204;1.03229;
0.000521777;1.03143;
0.000522491;1.03007;
0.000523315;1.02828;
0.000524169;1.02641;
0.000525017;1.02472;
0.00052577;1.02349;
0.000526078;1.02308;
0.000526271;1.02285;
0.000526382;1.02272;
0.000526447;1.02265;
0.000526485;1.02262;
0.000526507;1.02259;
0.000526529;1.02257;
0.00052654;1.02256;
0.000526547;1.02255;
0.000526551;1.02255;
0.000526553;1.02255;
0.000526555;1.02255;
0.000526557;1.02255;
0.000526558;1.02254;
0.00052656;1.02254;
0.000526563;1.02254;
0.000526568;1.02253;
0.000526576;1.02253;
0.000526589;1.02252;
0.00052661;1.02249;
0.000526636;1.02247;
0.000526674;1.02244;
0.00052672;1.0224;
0.000526784;1.02234;
0.000526868;1.02228;
0.000526987;1.02219;
0.000527158;1.02208;
0.000527439;1.02194;
0.000527565;1.02189;
0.000527729;1.02184;
0.000527846;1.02182;
0.000527992;1.0218;
0.000528282;1.02179;
0.000528626;1.02184;
0.000529288;1.02207;
0.000530288;1.0227;
0.00053102;1.02329;
0.000531785;1.02395;
0.0005324;1.02446;
0.000533071;1.02497;
0.000534071;1.02556;
0.000535071;1.02593;
0.000536071;1.02606;
0.000537071;1.02598;
0.000537963;1.02578;
0.000538755;1.02553;
0.000539464;1.02528;
0.00054027;1.025;
0.000541197;1.02471;
0.000542197;1.02448;
0.000543197;1.02434;
0.000544197;1.02429;
0.000545197;1.02433;
0.000546197;1.02443;
0.000547197;1.02457;
0.000548197;1.02471;
0.000549197;1.02484;
0.000550197;1.02493;
0.000551197;1.02499;
0.000552197;1.02501;
0.000553197;1.025;
0.000554197;1.02496;
0.000555197;1.0249;
0.000556197;1.02484;
0.000557197;1.02479;
0.000558197;1.02475;
0.000559197;1.02473;
0.000560002;1.02472;
0.000560002;1.02472;
0.000560003;1.02472;
0.000560003;1.02472;
0.000560004;1.02472;
0.000560004;1.02472;
0.000560004;1.02472;
0.000560005;1.02472;
0.000560006;1.02472;
0.000560009;1.02472;
0.000560014;1.02472;
0.000560024;1.02472;
0.000560045;1.02472;
0.000560086;1.02472;
0.000560168;1.02473;
0.000560332;1.02477;
0.000560659;1.02496;
0.000561218;1.02553;
0.000561813;1.02644;
0.000562564;1.0279;
0.00056338;1.02967;
0.000564223;1.03151;
0.000565059;1.03316;
0.000566015;1.03465;
0.000566377;1.03508;
0.000566608;1.03531;
0.00056674;1.03543;
0.000566904;1.03556;
0.000567027;1.03565;
0.000567168;1.03573;
0.000567304;1.03581;
0.000567339;1.03583;
0.000567343;1.03583;
0.000567346;1.03583;
0.000567348;1.03583;
0.00056735;1.03583;
0.000567352;1.03583;
0.000567354;1.03583;
0.000567355;1.03583;
0.000567358;1.03583;
0.00056736;1.03584;
0.000567363;1.03584;
0.000567367;1.03584;
0.000567371;1.03584;
0.000567375;1.03584;
0.000567379;1.03584;
0.000567383;1.03585;
0.000567388;1.03585;
0.000567393;1.03585;
0.000567398;1.03585;
0.000567404;1.03586;
0.000567411;1.03586;
0.000567419;1.03586;
0.000567429;1.03587;
0.000567441;1.03587;
0.00056746;1.03588;
0.000567484;1.03589;
0.000567529;1.03591;
0.000567591;1.03593;
0.000567692;1.03596;
0.000567851;1.03599;
0.00056814;1.03602;
0.000568717;1.03595;
0.000569349;1.03571;
0.000569749;1.03548;
0.000570194;1.03517;
0.000570593;1.03486;
0.000571014;1.03451;
0.000571584;1.03402;
0.000572306;1.03341;
0.000573306;1.03268;
0.000574306;1.03213;
0.000575306;1.03182;
0.000576263;1.03175;
0.000577263;1.03186;
0.000578136;1.03208;
0.000578886;1.03232;
0.000579627;1.03259;
0.000580438;1.03286;
0.0005813;1.03312;
0.0005823;1.03335;
0.0005833;1.03348;
0.0005843;1.03351;
0.0005853;1.03346;
0.0005863;1.03336;
0.0005873;1.03322;
0.0005883;1.03308;
0.0005893;1.03296;
0.0005903;1.03286;
0.0005913;1.03281;
0.0005923;1.03279;
0.0005933;1.03281;
0.0005943;1.03286;
0.0005953;1.03291;
0.0005963;1.03297;
0.0005973;1.03302;
0.0005983;1.03306;
0.0005993;1.03308;
0.000600004;1.03309;
0.000600004;1.03309;
0.000600005;1.03309;
0.000600005;1.03309;
0.000600006;1.03309;
0.000600006;1.03309;
0.000600006;1.03309;
0.000600007;1.03309;
0.000600008;1.03309;
0.000600011;1.03309;
0.000600016;1.03309;
0.000600026;1.03309;
0.000600047;1.03309;
0.000600088;1.03309;
0.00060017;1.03308;
0.000600334;1.03303;
0.000600661;1.03285;
0.000601204;1.03229;
0.000601777;1.03143;
0.000602491;1.03006;
0.000603315;1.02828;
0.000604169;1.02641;
0.000605017;1.02472;
0.00060577;1.02349;
0.000606078;1.02308;
0.000606271;1.02285;
0.000606382;1.02272;
0.000606447;1.02265;
0.000606485;1.02262;
0.000606507;1.02259;
0.000606529;1.02257;
0.00060654;1.02256;
0.000606547;1.02255;
0.000606551;1.02255;
0.000606553;1.02255;
0.000606555;1.02255;
0.000606557;1.02255;
0.000606558;1.02254;
0.000606561;1.02254;
0.000606564;1.02254;
0.00060657;1.02253;
0.000606581;1.02252;
0.000606597;1.02251;
0.00060662;1.02249;
0.000606651;1.02246;
0.000606692;1.02242;
0.000606745;1.02238;
0.000606817;1.02232;
0.000606913;1.02224;
0.000607052;1.02215;
0.00060726;1.02202;
0.000607425;1.02194;
0.000607536;1.0219;
0.000607688;1.02185;
0.00060779;1.02183;
0.000607924;1.02181;
0.000608194;1.02179;
0.000608571;1.02183;
0.000609315;1.02209;
0.000610315;1.02272;
0.00061104;1.02331;
0.000611847;1.024;
0.000612462;1.02451;
0.000613145;1.02502;
0.000614145;1.0256;
0.000615145;1.02595;
0.000616145;1.02606;
0.000617145;1.02597;
0.000618032;1.02576;
0.000618804;1.02551;
0.000619529;1.02526;
0.000620339;1.02498;
0.000621253;1.0247;
0.000622253;1.02447;
0.000623253;1.02433;
0.000624253;1.02429;
0.000625253;1.02434;
0.000626253;1.02444;
0.000627253;1.02458;
0.000628253;1.02472;
0.000629253;1.02484;
0.000630253;1.02494;
0.000631253;1.02499;
0.000632253;1.02501;
0.000633253;1.02499;
0.000634253;1.02495;
0.000635253;1.0249;
0.000636253;1.02484;
0.000637253;1.02479;
0.000638253;1.02475;
0.000639253;1.02473;
0.000640002;1.02472;
0.000640002;1.02472;
0.000640003;1.02472;
0.000640003;1.02472;
0.000640004;1.02472;
0.000640004;1.02472;
0.000640004;1.02472;
0.000640005;1.02472;
0.000640006;1.02472;
0.000640009;1.02472;
0.000640014;1.02472;
0.000640024;1.02472;
0.000640045;1.02472;
0.000640086;1.02472;
0.000640168;1.02473;
0.000640332;1.02477;
0.000640659;1.02496;
0.000641218;1.02553;
0.000641812;1.02644;
0.000642564;1.02789;
0.00064338;1.02967;
0.000644223;1.03151;
0.000645059;1.03316;
0.000646015;1.03465;
0.000646377;1.03508;
0.000646608;1.03531;
0.00064674;1.03543;
0.000646905;1.03556;
0.000647028;1.03565;
0.000647168;1.03573;
0.000647304;1.03581;
0.000647339;1.03583;
0.000647343;1.03583;
0.000647346;1.03583;
0.000647348;1.03583;
0.00064735;1.03583;
0.000647352;1.03583;
0.000647354;1.03583;
0.000647356;1.03583;
0.000647358;1.03583;
0.000647361;1.03584;
0.000647364;1.03584;
0.000647368;1.03584;
0.000647372;1.03584;
0.000647376;1.03584;
0.00064738;1.03584;
0.000647385;1.03585;
0.000647389;1.03585;
0.000647394;1.03585;
0.0006474;1.03585;
0.000647406;1.03586;
0.000647413;1.03586;
0.000647421;1.03586;
0.000647433;1.03587;
0.000647445;1.03587;
0.000647467;1.03588;
0.000647494;1.03589;
0.000647543;1.03591;
0.000647612;1.03593;
0.000647722;1.03597;
0.000647897;1.036;
0.000648228;1.03602;
0.000648889;1.0359;
0.000649399;1.03568;
0.000649837;1.03542;
0.000650287;1.0351;
0.000650719;1.03476;
0.000651212;1.03434;
0.000651852;1.03379;
0.000652735;1.03308;
0.000653735;1.03242;
0.000654735;1.03197;
0.000655735;1.03176;
0.000656688;1.03177;
0.000657688;1.03196;
0.000658488;1.03219;
0.000659219;1.03244;
0.000660055;1.03273;
0.000660814;1.03298;
0.000661814;1.03325;
0.000662814;1.03343;
0.000663814;1.03351;
0.000664814;1.0335;
0.000665814;1.03342;
0.000666814;1.03329;
0.000667814;1.03315;
0.000668814;1.03301;
0.000669814;1.0329;
0.000670814;1.03283;
0.000671814;1.0328;
0.000672814;1.0328;
0.000673814;1.03283;
0.000674814;1.03288;
0.000675814;1.03294;
0.000676814;1.033;
0.000677814;1.03304;
0.000678814;1.03307;
0.000679814;1.03309;
0.000680004;1.03309;
0.000680004;1.03309;
0.000680005;1.03309;
0.000680005;1.03309;
0.000680006;1.03309;
0.000680006;1.03309;
0.000680006;1.03309;
0.000680007;1.03309;
0.000680008;1.03309;
0.000680011;1.03309;
0.000680016;1.03309;
0.000680026;1.03309;
0.000680047;1.03309;
0.000680088;1.03309;
0.00068017;1.03308;
0.000680334;1.03303;
0.000680661;1.03285;
0.000681204;1.03229;
0.000681777;1.03143;
0.000682491;1.03007;
0.000683315;1.02828;
0.000684169;1.02641;
0.000685017;1.02472;
0.00068577;1.02349;
0.000686078;1.02308;
0.000686271;1.02285;
0.000686382;1.02272;
0.000686447;1.02265;
0.000686485;1.02262;
0.000686507;1.02259;
0.000686529;1.02257;
0.00068654;1.02256;
0.000686547;1.02255;
0.000686551;1.02255;
0.000686553;1.02255;
0.000686555;1.02255;
0.000686557;1.02255;
0.000686558;1.02254;
0.000686561;1.02254;
0.000686564;1.02254;
0.000686569;1.02253;
0.000686578;1.02252;
0.000686592;1.02251;
0.000686615;1.02249;
0.000686643;1.02246;
0.000686682;1.02243;
0.000686731;1.02239;
0.000686799;1.02233;
0.000686889;1.02226;
0.000687017;1.02217;
0.000687204;1.02205;
0.000687464;1.02193;
0.000687585;1.02188;
0.000687727;1.02184;
0.000687869;1.02181;
0.000688003;1.0218;
0.000688214;1.02179;
0.000688436;1.0218;
0.000688764;1.02187;
0.000689206;1.02204;
0.000689814;1.02238;
0.000690722;1.02305;
0.000691237;1.02349;
0.000691836;1.024;
0.000692347;1.02443;
0.000692919;1.02487;
0.000693705;1.02538;
0.000694641;1.0258;
0.000695641;1.02603;
0.000696641;1.02603;
0.000697641;1.02586;
0.000698491;1.02561;
0.000699184;1.02537;
0.000700005;1.02509;
0.00070088;1.0248;
0.00070183;1.02455;
0.00070283;1.02438;
0.00070383;1.0243;
0.00070483;1.02431;
0.00070583;1.02439;
0.00070683;1.02452;
0.00070783;1.02466;
0.00070883;1.02479;
0.00070983;1.0249;
0.00071083;1.02498;
0.00071183;1.02501;
0.00071283;1.025;
0.00071383;1.02497;
0.00071483;1.02492;
0.00071583;1.02486;
0.00071683;1.02481;
0.00071783;1.02476;
0.00071883;1.02473;
0.00071983;1.02472;
0.000720002;1.02472;
0.000720002;1.02472;
0.000720003;1.02472;
0.000720003;1.02472;
0.000720004;1.02472;
0.000720004;1.02472;
0.000720004;1.02472;
0.000720005;1.02472;
0.000720006;1.02472;
0.000720009;1.02472;
0.000720014;1.02472;
0.000720024;1.02472;
0.000720045;1.02472;
0.000720086;1.02472;
0.000720168;1.02473;
0.000720332;1.02477;
0.000720659;1.02496;
0.000721218;1.02553;
0.000721812;1.02644;
0.000722563;1.02789;
0.00072338;1.02967;
0.000724223;1.03151;
0.000725059;1.03316;
0.000726015;1.03465;
0.000726377;1.03508;
0.000726608;1.03531;
0.00072674;1.03543;
0.000726904;1.03556;
0.000727027;1.03565;
0.000727168;1.03573;
0.000727304;1.03581;
0.000727339;1.03583;
0.000727343;1.03583;
0.000727345;1.03583;
0.000727347;1.03583;
0.000727349;1.03583;
0.000727351;1.03583;
0.000727354;1.03583;
0.000727356;1.03583;
0.000727358;1.03583;
0.000727361;1.03584;
0.000727365;1.03584;
0.000727369;1.03584;
0.000727373;1.03584;
0.000727377;1.03584;
0.000727381;1.03585;
0.000727386;1.03585;
0.000727391;1.03585;
0.000727396;1.03585;
0.000727401;1.03585;
0.000727408;1.03586;
0.000727415;1.03586;
0.000727424;1.03586;
0.000727436;1.03587;
0.000727451;1.03588;
0.000727475;1.03588;
0.000727507;1.0359;
0.000727561;1.03592;
0.00072764;1.03594;
0.000727761;1.03597;
0.000727969;1.03601;
0.000728372;1.03601;
0.000728876;1.03591;
0.000729265;1.03575;
0.000729565;1.03559;
0.000729912;1.03537;
0.000730204;1.03516;
0.000730532;1.0349;
0.000731045;1.03448;
0.000731735;1.03389;
0.000732735;1.03308;
0.000733735;1.03242;
0.000734735;1.03197;
0.000735734;1.03176;
0.000736687;1.03177;
0.000737687;1.03195;
0.000738486;1.03219;
0.000739218;1.03244;
0.000740055;1.03273;
0.000740813;1.03298;
0.000741813;1.03325;
0.000742813;1.03343;
0.000743813;1.03351;
0.000744813;1.0335;
0.000745813;1.03342;
0.000746813;1.03329;
0.000747813;1.03315;
0.000748813;1.03301;
0.000749813;1.0329;
0.000750813;1.03283;
0.000751813;1.0328;
0.000752813;1.0328;
0.000753813;1.03283;
0.000754813;1.03288;
0.000755813;1.03294;
0.000756813;1.033;
0.000757813;1.03304;
0.000758813;1.03307;
0.000759813;1.03309;
0.000760004;1.03309;
0.000760004;1.03309;
0.000760005;1.03309;
0.000760005;1.03309;
0.000760006;1.03309;
0.000760006;1.03309;
0.000760006;1.03309;
0.000760007;1.03309;
0.000760008;1.03309;
0.000760011;1.03309;
0.000760016;1.03309;
0.000760026;1.03309;
0.000760047;1.03309;
0.000760088;1.03309;
0.00076017;1.03308;
0.000760334;1.03303;
0.000760661;1.03285;
0.000761204;1.03229;
0.000761777;1.03143;
0.000762491;1.03007;
0.000763315;1.02828;
0.000764169;1.02641;
0.000765017;1.02472;
0.00076577;1.02349;
0.000766078;1.02308;
0.000766271;1.02285;
0.000766382;1.02272;
0.000766447;1.02265;
0.000766485;1.02262;
0.000766507;1.02259;
0.000766529;1.02257;
0.00076654;1.02256;
0.000766547;1.02255;
0.000766551;1.02255;
0.000766553;1.02255;
0.000766555;1.02255;
0.000766557;1.02255;
0.000766558;1.02254;
0.000766561;1.02254;
0.000766564;1.02254;
0.000766568;1.02253;
0.000766577;1.02253;
0.000766591;1.02251;
0.000766613;1.02249;
0.00076664;1.02247;
0.000766679;1.02243;
0.000766727;1.02239;
0.000766793;1.02234;
0.00076688;1.02227;
0.000767005;1.02218;
0.000767185;1.02206;
0.000767484;1.02192;
0.000767611;1.02188;
0.000767755;1.02184;
0.000767886;1.02181;
0.000768035;1.02179;
0.000768205;1.02179;
0.000768405;1.0218;
0.000768663;1.02185;
0.000768994;1.02195;
0.000769445;1.02216;
0.000770066;1.02255;
0.000770935;1.02323;
0.00077157;1.02377;
0.000772227;1.02433;
0.000772902;1.02485;
0.000773665;1.02535;
0.000774607;1.02579;
0.000775607;1.02603;
0.000776607;1.02604;
0.000777607;1.02587;
0.000778476;1.02562;
0.000779162;1.02538;
0.00077998;1.02509;
0.000780868;1.02481;
0.000781789;1.02456;
0.000782789;1.02438;
0.000783789;1.0243;
0.000784789;1.02431;
0.000785789;1.02439;
0.000786789;1.02451;
0.000787789;1.02465;
0.000788789;1.02479;
0.000789789;1.0249;
0.000790789;1.02497;
0.000791789;1.02501;
0.000792789;1.025;
0.000793789;1.02497;
0.000794789;1.02492;
0.000795789;1.02487;
0.000796789;1.02481;
0.000797789;1.02476;
0.000798789;1.02473;
0.000799789;1.02472;
0.000800002;1.02472;
0.000800002;1.02472;
0.000800003;1.02472;
0.000800003;1.02472;
0.000800004;1.02472;
0.000800004;1.02472;
0.000800004;1.02472;
0.000800005;1.02472;
0.000800006;1.02472;
0.000800009;1.02472;
0.000800014;1.02472;
0.000800024;1.02472;
0.000800045;1.02472;
0.000800086;1.02472;
0.000800168;1.02473;
0.000800332;1.02477;
0.000800659;1.02496;
0.000801217;1.02553;
0.000801812;1.02644;
0.000802563;1.02789;
0.00080338;1.02967;
0.000804223;1.03151;
0.000805058;1.03316;
0.000806015;1.03465;
0.000806377;1.03508;
0.000806608;1.03531;
0.00080674;1.03543;
0.000806904;1.03556;
0.000807027;1.03565;
0.000807168;1.03573;
0.000807303;1.03581;
0.000807339;1.03583;
0.000807343;1.03583;
0.000807345;1.03583;
0.000807348;1.03583;
0.000807349;1.03583;
0.000807351;1.03583;
0.000807353;1.03583;
0.000807356;1.03583;
0.000807358;1.03583;
0.000807361;1.03584;
0.000807364;1.03584;
0.000807368;1.03584;
0.000807372;1.03584;
0.000807376;1.03584;
0.000807381;1.03584;
0.000807385;1.03585;
0.00080739;1.03585;
0.000807395;1.03585;
0.0008074;1.03585;
0.000807406;1.03586;
0.000807414;1.03586;
0.000807422;1.03586;
0.000807434;1.03587;
0.000807447;1.03587;
0.000807469;1.03588;
0.000807498;1.03589;
0.000807549;1.03591;
0.000807621;1.03594;
0.000807735;1.03597;
0.000807921;1.036;
0.000808275;1.03602;
0.000808982;1.03587;
0.000809434;1.03566;
0.000809917;1.03537;
0.000810317;1.03508;
0.000810752;1.03473;
0.000811309;1.03426;
0.000811992;1.03367;
0.000812992;1.03289;
0.000813992;1.03228;
0.000814992;1.03189;
0.000815969;1.03175;
0.000816969;1.03181;
0.000817969;1.03203;
0.000818759;1.03228;
0.000819493;1.03254;
0.000820312;1.03282;
0.00082113;1.03307;
0.00082213;1.03331;
0.00082313;1.03346;
0.00082413;1.03351;
0.00082513;1.03348;
0.00082613;1.03338;
0.00082713;1.03325;
0.00082813;1.0331;
0.00082913;1.03298;
0.00083013;1.03288;
0.00083113;1.03282;
0.00083213;1.03279;
0.00083313;1.03281;
0.00083413;1.03285;
0.00083513;1.0329;
0.00083613;1.03296;
0.00083713;1.03301;
0.00083813;1.03305;
0.00083913;1.03308;
0.000840004;1.03309;
0.000840004;1.03309;
0.000840005;1.03309;
0.000840005;1.03309;
0.000840006;1.03309;
0.000840006;1.03309;
0.000840006;1.03309;
0.000840007;1.03309;
0.000840008;1.03309;
0.000840011;1.03309;
0.000840016;1.03309;
0.000840026;1.03309;
0.000840047;1.03309;
0.000840088;1.03309;
0.00084017;1.03308;
0.000840334;1.03303;
0.000840661;1.03285;
0.000841204;1.03229;
0.000841777;1.03143;
0.000842491;1.03007;
0.000843315;1.02828;
0.000844169;1.02641;
0.000845017;1.02472;
0.00084577;1.02349;
0.000846078;1.02308;
0.000846271;1.02285;
0.000846382;1.02272;
0.000846447;1.02265;
0.000846485;1.02262;
0.000846507;1.02259;
0.000846529;1.02257;
0.00084654;1.02256;
0.000846547;1.02255;
0.000846551;1.02255;
0.000846553;1.02255;
0.000846555;1.02255;
0.000846556;1.02255;
0.000846558;1.02254;
0.00084656;1.02254;
0.000846563;1.02254;
0.000846567;1.02254;
0.000846575;1.02253;
0.000846587;1.02252;
0.000846608;1.0225;
0.000846633;1.02247;
0.000846669;1.02244;
0.000846714;1.0224;
0.000846777;1.02235;
0.000846857;1.02228;
0.000846972;1.0222;
0.000847135;1.02209;
0.0008474;1.02196;
0.000847528;1.0219;
0.000847694;1.02185;
0.00084781;1.02182;
0.00084794;1.0218;
0.000848185;1.02179;
0.000848423;1.0218;
0.000848863;1.0219;
0.000849458;1.02216;
0.000850356;1.02276;
0.000851006;1.02329;
0.000851756;1.02393;
0.000852342;1.02442;
0.000852987;1.02491;
0.000853987;1.02552;
0.000854987;1.02591;
0.000855987;1.02606;
0.000856987;1.02599;
0.000857987;1.02577;
0.000858778;1.02552;
0.000859509;1.02526;
0.000860324;1.02498;
0.000861227;1.0247;
0.000862227;1.02447;
0.000863227;1.02434;
0.000864227;1.02429;
0.000865227;1.02434;
0.000866227;1.02444;
0.000867227;1.02457;
0.000868227;1.02471;
0.000869227;1.02484;
0.000870227;1.02494;
0.000871227;1.02499;
0.000872227;1.02501;
0.000873227;1.02499;
0.000874227;1.02495;
0.000875227;1.0249;
0.000876227;1.02484;
0.000877227;1.02479;
0.000878227;1.02475;
0.000879227;1.02473;
0.000880002;1.02472;
0.000880002;1.02472;
0.000880003;1.02472;
0.000880003;1.02472;
0.000880004;1.02472;
0.000880004;1.02472;
0.000880004;1.02472;
0.000880005;1.02472;
0.000880006;1.02472;
0.000880009;1.02472;
0.000880014;1.02472;
0.000880024;1.02472;
0.000880045;1.02472;
0.000880086;1.02472;
0.000880168;1.02473;
0.000880332;1.02477;
0.000880659;1.02496;
0.000881218;1.02553;
0.000881813;1.02644;
0.000882564;1.0279;
0.00088338;1.02967;
0.000884223;1.03152;
0.000885059;1.03316;
0.000886015;1.03465;
0.000886377;1.03508;
0.000886608;1.03531;
0.00088674;1.03543;
0.000886905;1.03556;
0.000887028;1.03565;
0.000887168;1.03573;
0.000887304;1.03581;
0.000887339;1.03583;
0.000887343;1.03583;
0.000887345;1.03583;
0.000887348;1.03583;
0.00088735;1.03583;
0.000887352;1.03583;
0.000887354;1.03583;
0.000887357;1.03583;
0.000887359;1.03583;
0.000887362;1.03584;
0.000887366;1.03584;
0.00088737;1.03584;
0.000887374;1.03584;
0.000887378;1.03584;
0.000887383;1.03585;
0.000887387;1.03585;
0.000887392;1.03585;
0.000887397;1.03585;
0.000887403;1.03585;
0.00088741;1.03586;
0.000887418;1.03586;
0.000887427;1.03587;
0.00088744;1.03587;
0.000887456;1.03588;
0.000887483;1.03589;
0.00088752;1.0359;
0.000887579;1.03592;
0.000887667;1.03595;
0.000887799;1.03598;
0.00088804;1.03602;
0.000888514;1.036;
0.000889052;1.03584;
0.000889409;1.03568;
0.000889863;1.0354;
0.00089023;1.03514;
0.000890627;1.03483;
0.000891163;1.03438;
0.000891821;1.03381;
0.000892821;1.03301;
0.000893821;1.03237;
0.000894821;1.03194;
0.000895812;1.03176;
0.000896788;1.03178;
0.000897788;1.03198;
0.000898576;1.03222;
0.000899304;1.03247;
0.000900134;1.03276;
0.000900899;1.03301;
0.000901899;1.03327;
0.000902899;1.03344;
0.000903899;1.03351;
0.000904899;1.03349;
0.000905899;1.03341;
0.000906899;1.03328;
0.000907899;1.03314;
0.000908899;1.033;
0.000909899;1.0329;
0.000910899;1.03283;
0.000911899;1.0328;
0.000912899;1.0328;
0.000913899;1.03284;
0.000914899;1.03289;
0.000915899;1.03295;
0.000916899;1.033;
0.000917899;1.03305;
0.000918899;1.03307;
0.000919899;1.03309;
0.000920004;1.03309;
0.000920004;1.03309;
0.000920005;1.03309;
0.000920005;1.03309;
0.000920006;1.03309;
0.000920006;1.03309;
0.000920006;1.03309;
0.000920007;1.03309;
0.000920008;1.03309;
0.000920011;1.03309;
0.000920016;1.03309;
0.000920026;1.03309;
0.000920047;1.03309;
0.000920088;1.03309;
0.00092017;1.03308;
0.000920334;1.03303;
0.000920661;1.03285;
0.000921204;1.03229;
0.000921777;1.03143;
0.000922491;1.03007;
0.000923315;1.02828;
0.000924169;1.02641;
0.000925017;1.02472;
0.00092577;1.02349;
0.000926078;1.02308;
0.000926271;1.02285;
0.000926382;1.02272;
0.000926447;1.02265;
0.000926485;1.02262;
0.000926507;1.02259;
0.000926529;1.02257;
0.00092654;1.02256;
0.000926547;1.02255;
0.000926551;1.02255;
0.000926553;1.02255;
0.000926555;1.02255;
0.000926556;1.02255;
0.000926558;1.02254;
0.00092656;1.02254;
0.000926563;1.02254;
0.000926568;1.02254;
0.000926576;1.02253;
0.000926588;1.02252;
0.000926609;1.0225;
0.000926635;1.02247;
0.000926672;1.02244;
0.000926718;1.0224;
0.000926782;1.02234;
0.000926864;1.02228;
0.000926982;1.02219;
0.00092715;1.02208;
0.000927425;1.02194;
0.000927551;1.0219;
0.000927727;1.02184;
0.000927839;1.02182;
0.000927988;1.0218;
0.000928285;1.02179;
0.000928864;1.0219;
0.000929864;1.0224;
0.000930864;1.02316;
0.000931489;1.02369;
0.00093217;1.02427;
0.000932902;1.02485;
0.000933586;1.0253;
0.000934509;1.02575;
0.000935509;1.02602;
0.000936509;1.02605;
0.000937509;1.0259;
0.000938312;1.02567;
0.000939079;1.02542;
0.000939829;1.02515;
0.000940609;1.02489;
0.000941609;1.02461;
0.000942609;1.02441;
0.000943609;1.02431;
0.000944609;1.0243;
0.000945609;1.02437;
0.000946609;1.02449;
0.000947609;1.02463;
0.000948609;1.02477;
0.000949609;1.02488;
0.000950609;1.02496;
0.000951609;1.025;
0.000952609;1.02501;
0.000953609;1.02498;
0.000954609;1.02493;
0.000955609;1.02488;
0.000956609;1.02482;
0.000957609;1.02477;
0.000958609;1.02474;
0.000959609;1.02472;
0.000960002;1.02472;
0.000960002;1.02472;
0.000960003;1.02472;
0.000960003;1.02472;
0.000960004;1.02472;
0.000960004;1.02472;
0.000960004;1.02472;
0.000960005;1.02472;
0.000960006;1.02472;
0.000960009;1.02472;
0.000960014;1.02472;
0.000960024;1.02472;
0.000960045;1.02472;
0.000960086;1.02472;
0.000960168;1.02473;
0.000960332;1.02477;
0.000960659;1.02496;
0.000961218;1.02553;
0.000961812;1.02644;
0.000962564;1.0279;
0.00096338;1.02967;
0.000964223;1.03151;
0.000965059;1.03316;
0.000966015;1.03465;
0.000966377;1.03508;
0.000966608;1.03531;
0.00096674;1.03543;
0.000966905;1.03556;
0.000967028;1.03565;
0.000967168;1.03573;
0.000967304;1.03581;
0.000967339;1.03583;
0.000967343;1.03583;
0.000967346;1.03583;
0.000967348;1.03583;
0.00096735;1.03583;
0.000967352;1.03583;
0.000967354;1.03583;
0.000967356;1.03583;
0.000967358;1.03583;
0.00096736;1.03584;
0.000967363;1.03584;
0.000967367;1.03584;
0.000967372;1.03584;
0.000967376;1.03584;
0.00096738;1.03584;
0.000967384;1.03585;
0.000967389;1.03585;
0.000967394;1.03585;
0.000967399;1.03585;
0.000967405;1.03586;
0.000967412;1.03586;
0.00096742;1.03586;
0.000967431;1.03587;
0.000967444;1.03587;
0.000967464;1.03588;
0.00096749;1.03589;
0.000967538;1.03591;
0.000967604;1.03593;
0.00096771;1.03596;
0.000967877;1.036;
0.000968189;1.03602;
0.000968814;1.03593;
0.000969396;1.03568;
0.000969835;1.03542;
0.000970296;1.03509;
0.000970762;1.03472;
0.000971234;1.03432;
0.000971885;1.03376;
0.000972728;1.03308;
0.000973728;1.03242;
0.000974728;1.03197;
0.000975728;1.03176;
0.000976679;1.03177;
0.000977679;1.03195;
0.00097848;1.03219;
0.000979211;1.03244;
0.000980048;1.03273;
0.000980806;1.03298;
0.000981806;1.03325;
0.000982806;1.03342;
0.000983806;1.03351;
0.000984806;1.0335;
0.000985806;1.03342;
0.000986806;1.03329;
0.000987806;1.03315;
0.000988806;1.03301;
0.000989806;1.0329;
0.000990806;1.03283;
0.000991806;1.0328;
0.000992806;1.0328;
0.000993806;1.03283;
0.000994806;1.03288;
0.000995806;1.03294;
0.000996806;1.033;
0.000997806;1.03304;
0.000998806;1.03307;
0.000999806;1.03309;
0.001;1.03309;
