Time;Channel A;Channel B
(ms);(V);(mV)

-8,03053938;-0,00030519;35,56627000
-7,98957938;-0,00030519;35,56627000
-7,94861938;-0,00030519;34,66597000
-7,90765938;-0,00030519;32,86691000
-7,86669938;-0,00030519;32,41829000
-7,82573938;-0,00030519;33,31706000
-7,78477938;-0,00030519;33,31706000
-7,74381938;-0,00030519;33,31706000
-7,70285938;-0,00030519;34,21735000
-7,66189938;-0,00030519;31,96814000
-7,62093938;-0,00030519;32,86691000
-7,57997938;-0,00030519;34,66597000
-7,53901938;-0,00030519;33,76720000
-7,49805938;-0,00030519;32,86691000
-7,45709938;-0,00030519;35,11612000
-7,41613938;-0,00030519;34,66597000
-7,37517938;-0,00030519;33,31706000
-7,33421938;-0,00030519;32,41829000
-7,29325938;-0,00030519;33,76720000
-7,25229938;-0,00030519;32,41829000
-7,21133938;-0,00030519;31,96814000
-7,17037938;-0,00030519;36,46504000
-7,12941938;-0,00030519;36,01642000
-7,08845938;-0,00030519;31,96814000
-7,04749938;-0,00030519;34,66597000
-7,00653938;-0,00030519;35,11612000
-6,96557938;-0,00030519;31,51799000
-6,92461939;-0,00030519;33,31706000
-6,88365939;-0,00030519;33,76720000
-6,84269939;-0,00030519;33,31706000
-6,80173939;-0,00030519;32,86691000
-6,76077939;-0,00030519;35,11612000
-6,71981939;-0,00030519;35,11612000
-6,67885939;-0,00030519;33,31706000
-6,63789939;-0,00030519;35,11612000
-6,59693939;-0,00030519;36,91519000
-6,55597939;-0,00030519;34,66597000
-6,51501939;-0,00030519;34,21735000
-6,47405939;-0,00030519;34,21735000
-6,43309939;-0,00030519;32,86691000
-6,39213939;-0,00030519;34,21735000
-6,35117939;-0,00030519;35,56627000
-6,31021939;-0,00030519;33,76720000
-6,26925939;-0,00030519;33,76720000
-6,22829939;-0,00030519;34,21735000
-6,18733939;-0,00030519;36,46504000
-6,14637939;-0,00030519;33,76720000
-6,10541939;-0,00030519;35,11612000
-6,06445939;-0,00030519;34,66597000
-6,02349939;-0,00030519;32,86691000
-5,98253939;-0,00030519;33,76720000
-5,94157939;-0,00030519;33,76720000
-5,90061939;-0,00030519;34,21735000
-5,85965939;-0,00030519;31,51799000
-5,81869939;-0,00030519;34,21735000
-5,77773939;-0,00030519;36,91519000
-5,73677939;-0,00030519;33,31706000
-5,69581939;-0,00030519;34,66597000
-5,65485939;-0,00030519;35,11612000
-5,61389939;-0,00030519;34,66597000
-5,57293939;-0,00030519;35,11612000
-5,53197939;-0,00030519;35,56627000
-5,49101939;-0,00030519;34,21735000
-5,45005939;-0,00030519;33,76720000
-5,40909939;-0,00030519;36,46504000
-5,36813939;-0,00030519;35,56627000
-5,32717939;-0,00030519;32,41829000
-5,28621940;-0,00030519;34,21735000
-5,24525940;-0,00030519;36,46504000
-5,20429940;-0,00030519;34,21735000
-5,16333940;-0,00030519;35,11612000
-5,12237940;-0,00030519;36,01642000
-5,08141940;-0,00030519;34,21735000
-5,04045940;-0,00030519;32,86691000
-4,99949940;-0,00030519;35,11612000
-4,95853940;-0,00030519;36,91519000
-4,91757940;-0,00030519;35,11612000
-4,87661940;-0,00030519;32,86691000
-4,83565940;-0,00030519;35,11612000
-4,79469940;-0,00030519;33,31706000
-4,75373940;-0,00030519;34,66597000
-4,71277940;-0,00030519;35,56627000
-4,67181940;-0,00030519;34,66597000
-4,63085940;-0,00030519;33,76720000
-4,58989940;-0,00030519;36,01642000
-4,54893940;-0,00030519;36,91519000
-4,50797940;-0,00030519;34,66597000
-4,46701940;-0,00030519;34,66597000
-4,42605940;-0,00030519;35,56627000
-4,38509940;-0,00030519;36,01642000
-4,34413940;-0,00030519;36,01642000
-4,30317940;-0,00030519;34,66597000
-4,26221940;-0,00030519;35,56627000
-4,22125940;-0,00030519;33,76720000
-4,18029940;-0,00030519;35,11612000
-4,13933940;-0,00030519;37,81548000
-4,09837940;-0,00030519;33,31706000
-4,05741940;-0,00030519;35,11612000
-4,01645940;-0,00030519;35,11612000
-3,97549940;-0,00030519;34,21735000
-3,93453940;-0,00030519;34,21735000
-3,89357940;-0,00030519;35,56627000
-3,85261940;-0,00030519;33,31706000
-3,81165940;-0,00030519;35,11612000
-3,77069940;-0,00030519;36,46504000
-3,72973940;-0,00030519;36,01642000
-3,68877940;-0,00030519;32,41829000
-3,64781941;-0,00030519;34,66597000
-3,60685941;-0,00030519;38,26563000
-3,56589941;-0,00030519;37,81548000
-3,52493941;-0,00030519;35,11612000
-3,48397941;-0,00030519;36,01642000
-3,44301941;-0,00030519;34,66597000
-3,40205941;-0,00030519;34,21735000
-3,36109941;-0,00030519;35,11612000
-3,32013941;-0,00030519;36,46504000
-3,27917941;-0,00030519;34,21735000
-3,23821941;-0,00030519;34,21735000
-3,19725941;-0,00030519;36,91519000
-3,15629941;-0,00030519;36,91519000
-3,11533941;-0,00030519;34,66597000
-3,07437941;-0,00030519;34,66597000
-3,03341941;-0,00030519;36,46504000
-2,99245941;-0,00030519;33,76720000
-2,95149941;-0,00030519;37,36534000
-2,91053941;-0,00030519;35,56627000
-2,86957941;-0,00030519;32,86691000
-2,82861941;-0,00030519;32,86691000
-2,78765941;-0,00030519;36,46504000
-2,74669941;-0,00030519;37,36534000
-2,70573941;-0,00030519;34,21735000
-2,66477941;-0,00030519;34,21735000
-2,62381941;-0,00030519;36,01642000
-2,58285941;-0,00030519;36,01642000
-2,54189941;-0,00030519;36,01642000
-2,50093941;-0,00030519;36,91519000
-2,45997941;-0,00030519;34,21735000
-2,41901941;-0,00030519;33,31706000
-2,37805941;-0,00030519;36,46504000
-2,33709941;-0,00030519;36,01642000
-2,29613941;-0,00030519;32,86691000
-2,25517941;-0,00030519;34,66597000
-2,21421941;-0,00030519;35,11612000
-2,17325941;-0,00030519;36,01642000
-2,13229941;-0,00030519;36,01642000
-2,09133941;-0,00030519;34,66597000
-2,05037941;-0,00030519;32,86691000
-2,00941942;-0,00030519;33,31706000
-1,96845942;-0,00030519;36,46504000
-1,92749942;-0,00030519;36,01642000
-1,88653942;-0,00030519;31,51799000
-1,84557942;-0,00030519;35,11612000
-1,80461942;-0,00030519;36,91519000
-1,76365942;-0,00030519;32,86691000
-1,72269942;-0,00030519;35,11612000
-1,68173942;-0,00030519;36,91519000
-1,64077942;-0,00030519;35,11612000
-1,59981942;-0,00030519;34,21735000
-1,55885942;-0,00030519;35,11612000
-1,51789942;-0,00030519;35,11612000
-1,47693942;-0,00030519;31,51799000
-1,43597942;-0,00030519;31,06784000
-1,39501942;-0,00030519;35,11612000
-1,35405942;-0,00030519;36,01642000
-1,31309942;-0,00030519;34,66597000
-1,27213942;-0,00030519;33,31706000
-1,23117942;-0,00030519;32,86691000
-1,19021942;-0,00030519;34,21735000
-1,14925942;-0,00030519;36,91519000
-1,10829942;-0,00030519;36,46504000
-1,06733942;-0,00030519;32,86691000
-1,02637942;-0,00030519;35,11612000
-0,98541942;-0,00030519;9,02890100
-0,94445942;-0,00030519;4,08032500
-0,90349942;-0,00030519;3,18155500
-0,86253942;-0,00030519;3,63170300
-0,82157942;-0,00030519;4,53047300
-0,78061942;-0,00030519;3,63170300
-0,73965942;-0,00030519;5,43076900
-0,69869942;-0,00030519;4,08032500
-0,65773942;-0,00030519;2,28125800
-0,61677942;-0,00030519;3,63170300
-0,57581942;-0,00030519;4,53047300
-0,53485942;-0,00030519;4,08032500
-0,49389942;-0,00030519;2,73140700
-0,45293942;-0,00030519;2,73140700
-0,41197942;-0,00030519;2,73140700
-0,37101943;-0,00030519;2,73140700
-0,33005943;-0,00030519;3,63170300
-0,28909943;-0,00030519;4,08032500
-0,24813943;-0,00030519;2,28125800
-0,20717943;-0,00030519;4,08032500
-0,16621943;-0,00030519;4,53047300
-0,12525943;-0,00030519;2,28125800
-0,08429943;-0,00030519;1,83263600
-0,04333943;-0,00030519;3,18155500
-0,00237943;-0,00030519;4,08032500
0,03858057;5,04379400;38,26563000
0,07954057;4,95376400;39,16440000
0,12050057;5,04379400;37,81548000
0,16146057;4,95376400;31,51799000
0,20242057;4,95376400;35,56627000
0,24338057;5,04379400;37,81548000
0,28434057;5,04379400;35,11612000
0,32530057;5,04379400;32,41829000
0,36626057;4,95376400;32,86691000
0,40722057;5,04379400;34,66597000
0,44818057;5,04379400;32,41829000
0,48914057;5,04379400;33,31706000
0,53010057;4,95376400;34,21735000
0,57106057;5,04379400;31,06784000
0,61202057;4,95376400;34,66597000
0,65298057;5,04379400;35,11612000
0,69394057;5,04379400;33,76720000
0,73490057;5,04379400;32,41829000
0,77586057;5,04379400;33,76720000
0,81682057;5,04379400;34,66597000
0,85778057;5,04379400;32,86691000
0,89874057;5,04379400;34,66597000
0,93970057;4,95376400;34,66597000
0,98066057;5,04379400;31,51799000
1,02162057;-0,00030519;7,67845700
1,06258057;-0,00030519;3,63170300
1,10354057;-0,00030519;3,63170300
1,14450057;-0,00030519;2,73140700
1,18546057;-0,00030519;3,63170300
1,22642057;-0,00030519;4,53047300
1,26738056;-0,00030519;2,28125800
1,30834056;-0,00030519;1,83263600
1,34930056;-0,00030519;4,53047300
1,39026056;-0,00030519;1,83263600
1,43122056;-0,00030519;2,73140700
1,47218056;-0,00030519;3,63170300
1,51314056;-0,00030519;2,73140700
1,55410056;-0,00030519;1,83263600
1,59506056;-0,00030519;2,28125800
1,63602056;-0,00030519;4,53047300
1,67698056;-0,00030519;2,28125800
1,71794056;-0,00030519;2,73140700
1,75890056;-0,00030519;3,18155500
1,79986056;-0,00030519;1,38401400
1,84082056;-0,00030519;2,73140700
1,88178056;-0,00030519;3,18155500
1,92274056;-0,00030519;2,73140700
1,96370056;-0,00030519;3,18155500
2,00466056;-0,00030519;4,08032500
2,04562056;-0,00030519;4,08032500
2,08658056;-0,00030519;1,83263600
2,12754056;-0,00030519;1,38401400
2,16850056;-0,00030519;4,53047300
2,20946056;-0,00030519;2,28125800
2,25042056;-0,00030519;2,73140700
2,29138056;-0,00030519;3,63170300
2,33234056;-0,00030519;2,28125800
2,37330056;-0,00030519;2,28125800
2,41426056;-0,00030519;4,08032500
2,45522056;-0,00030519;4,53047300
2,49618056;-0,00030519;3,63170300
2,53714056;-0,00030519;2,28125800
2,57810056;-0,00030519;3,63170300
2,61906056;-0,00030519;2,73140700
2,66002056;-0,00030519;3,18155500
2,70098056;0,08972442;3,63170300
2,74194056;-0,00030519;2,73140700
2,78290056;-0,00030519;3,18155500
2,82386056;-0,00030519;4,08032500
2,86482056;-0,00030519;4,08032500
2,90578056;-0,00030519;2,73140700
2,94674055;-0,00030519;2,73140700
2,98770055;-0,00030519;4,53047300
3,02866055;-0,00030519;3,18155500
3,06962055;-0,00030519;4,08032500
3,11058055;-0,00030519;4,98062100
3,15154055;-0,00030519;3,18155500
3,19250055;-0,00030519;2,73140700
3,23346055;-0,00030519;3,63170300
3,27442055;-0,00030519;4,53047300
3,31538055;-0,00030519;2,73140700
3,35634055;-0,00030519;2,73140700
3,39730055;-0,00030519;4,53047300
3,43826055;-0,00030519;3,18155500
3,47922055;-0,00030519;2,28125800
3,52018055;-0,00030519;4,08032500
3,56114055;-0,00030519;3,63170300
3,60210055;-0,00030519;4,08032500
3,64306055;-0,00030519;5,43076900
3,68402055;-0,00030519;5,87939100
3,72498055;-0,00030519;2,73140700
3,76594055;-0,00030519;2,73140700
3,80690055;-0,00030519;5,87939100
3,84786055;-0,00030519;4,53047300
3,88882055;-0,00030519;4,53047300
3,92978055;-0,00030519;4,53047300
3,97074055;-0,00030519;3,63170300
4,01170055;-0,00030519;2,73140700
4,05266055;-0,00030519;4,53047300
4,09362055;-0,00030519;4,53047300
4,13458055;-0,00030519;3,63170300
4,17554055;-0,00030519;3,18155500
4,21650055;-0,00030519;4,98062100
4,25746055;-0,00030519;4,08032500
4,29842055;-0,00030519;3,63170300
4,33938055;-0,00030519;4,53047300
4,38034055;-0,00030519;4,08032500
4,42130055;-0,00030519;4,08032500
4,46226055;-0,00030519;4,53047300
4,50322055;-0,00030519;4,98062100
4,54418055;-0,00030519;4,08032500
4,58514054;-0,00030519;3,63170300
4,62610054;-0,00030519;5,87939100
4,66706054;-0,00030519;4,98062100
4,70802054;-0,00030519;4,08032500
4,74898054;-0,00030519;4,08032500
4,78994054;-0,00030519;4,08032500
4,83090054;-0,00030519;3,63170300
4,87186054;-0,00030519;4,98062100
4,91282054;-0,00030519;5,43076900
4,95378054;-0,00030519;3,63170300
4,99474054;-0,00030519;4,53047300
5,03570054;-0,00030519;6,32953900
5,07666054;-0,00030519;5,87939100
5,11762054;-0,00030519;3,63170300
5,15858054;-0,00030519;4,08032500
5,19954054;-0,00030519;4,08032500
5,24050054;-0,00030519;5,43076900
5,28146054;-0,00030519;5,87939100
5,32242054;-0,00030519;5,43076900
5,36338054;-0,00030519;2,73140700
5,40434054;-0,00030519;3,63170300
5,44530054;-0,00030519;6,32953900
5,48626054;-0,00030519;5,43076900
5,52722054;-0,00030519;3,63170300
5,56818054;-0,00030519;4,53047300
5,60914054;-0,00030519;4,98062100
5,65010054;-0,00030519;4,08032500
5,69106054;0,08972442;4,53047300
5,73202054;-0,00030519;4,53047300
5,77298054;-0,00030519;4,53047300
5,81394054;-0,00030519;5,87939100
5,85490054;-0,00030519;5,87939100
5,89586054;-0,00030519;5,43076900
5,93682054;-0,00030519;3,63170300
5,97778054;0,08972442;4,53047300
6,01874054;-0,00030519;5,87939100
6,05970054;-0,00030519;4,53047300
6,10066054;-0,00030519;4,53047300
6,14162054;-0,00030519;4,08032500
6,18258054;-0,00030519;4,08032500
6,22354053;-0,00030519;3,63170300
6,26450053;-0,00030519;7,22983500
6,30546053;0,08972442;5,43076900
6,34642053;0,08972442;4,53047300
6,38738053;-0,00030519;5,87939100
6,42834053;-0,00030519;6,32953900
6,46930053;-0,00030519;4,53047300
6,51026053;-0,00030519;4,08032500
6,55122053;-0,00030519;4,98062100
6,59218053;-0,00030519;4,53047300
6,63314053;-0,00030519;4,53047300
6,67410053;-0,00030519;6,32953900
6,71506053;-0,00030519;4,08032500
6,75602053;-0,00030519;2,73140700
6,79698053;-0,00030519;4,53047300
6,83794053;-0,00030519;6,32953900
6,87890053;-0,00030519;4,08032500
6,91986053;-0,00030519;4,98062100
6,96082053;-0,00030519;4,98062100
7,00178053;-0,00030519;4,53047300
7,04274053;-0,00030519;4,08032500
7,08370053;-0,00030519;6,32953900
7,12466053;-0,00030519;4,98062100
7,16562053;-0,00030519;2,28125800
7,20658053;-0,00030519;5,43076900
7,24754053;-0,00030519;5,87939100
7,28850053;-0,00030519;3,63170300
7,32946053;-0,00030519;3,18155500
7,37042053;-0,00030519;4,98062100
7,41138053;-0,00030519;5,43076900
7,45234053;-0,00030519;4,53047300
7,49330053;-0,00030519;4,98062100
7,53426053;-0,00030519;4,53047300
7,57522053;-0,00030519;2,73140700
7,61618053;-0,00030519;4,53047300
7,65714053;-0,00030519;6,32953900
7,69810053;-0,00030519;4,53047300
7,73906053;-0,00030519;4,08032500
7,78002053;-0,00030519;4,53047300
7,82098053;-0,00030519;4,08032500
7,86194052;-0,00030519;3,63170300
7,90290052;-0,00030519;4,53047300
7,94386052;-0,00030519;4,08032500
7,98482052;-0,00030519;2,28125800
8,02578052;5,04379400;37,81548000
8,06674052;5,04379400;40,51332000
8,10770052;4,95376400;36,91519000
8,14866052;4,95376400;36,01642000
8,18962052;4,95376400;36,46504000
8,23058052;4,95376400;38,26563000
8,27154052;5,04379400;36,01642000
8,31250052;5,04379400;36,91519000
8,35346052;5,04379400;35,11612000
8,39442052;5,04379400;34,21735000
8,43538052;5,04379400;36,46504000
8,47634052;5,04379400;36,01642000
8,51730052;5,04379400;33,31706000
8,55826052;5,04379400;31,06784000
8,59922052;5,04379400;33,31706000
8,64018052;5,04379400;34,21735000
8,68114052;5,04379400;33,31706000
8,72210052;5,04379400;33,31706000
8,76306052;4,95376400;35,11612000
8,80402052;5,04379400;33,31706000
8,84498052;4,95376400;35,56627000
8,88594052;5,04379400;35,56627000
8,92690052;4,95376400;33,31706000
8,96786052;4,95376400;31,96814000
9,00882052;5,04379400;33,31706000
9,04978052;5,04379400;36,91519000
9,09074052;5,04379400;32,86691000
9,13170052;5,04379400;33,31706000
9,17266052;5,04379400;34,66597000
9,21362052;5,04379400;31,51799000
9,25458052;5,04379400;33,31706000
9,29554052;5,04379400;35,56627000
9,33650052;5,04379400;32,86691000
9,37746052;5,04379400;32,41829000
9,41842052;5,04379400;35,11612000
9,45938052;4,95376400;36,01642000
9,50034051;5,04379400;33,31706000
9,54130051;5,04379400;34,66597000
9,58226051;5,04379400;32,86691000
9,62322051;4,95376400;31,96814000
9,66418051;5,04379400;33,31706000
9,70514051;5,04379400;35,56627000
9,74610051;4,95376400;31,51799000
9,78706051;5,04379400;32,86691000
9,82802051;5,04379400;34,66597000
9,86898051;5,04379400;36,91519000
9,90994051;5,04379400;31,06784000
9,95090051;5,04379400;31,96814000
9,99186051;4,95376400;34,66597000
10,03282051;-0,00030519;7,67845700
10,07378051;-0,00030519;3,63170300
10,11474051;-0,00030519;4,53047300
10,15570051;-0,00030519;2,73140700
10,19666051;-0,00030519;3,18155500
10,23762051;-0,00030519;4,08032500
10,27858051;-0,00030519;4,08032500
10,31954051;-0,00030519;1,83263600
10,36050051;-0,00030519;2,28125800
10,40146051;-0,00030519;4,98062100
10,44242051;-0,00030519;3,63170300
10,48338051;0,08972442;3,18155500
10,52434051;0,08972442;3,63170300
10,56530051;-0,00030519;0,93386640
10,60626051;-0,00030519;2,28125800
10,64722051;0,08972442;4,08032500
10,68818051;-0,00030519;4,53047300
10,72914051;0,08972442;2,28125800
10,77010051;-0,00030519;2,73140700
10,81106051;-0,00030519;3,63170300
10,85202051;-0,00030519;2,28125800
10,89298051;-0,00030519;1,83263600
10,93394051;-0,00030519;3,63170300
10,97490051;-0,00030519;2,73140700
11,01586051;-0,00030519;26,12079000
11,05682051;5,04379400;36,91519000
11,09778051;5,04379400;36,91519000
11,13874050;4,95376400;32,86691000
11,17970050;5,04379400;31,96814000
11,22066050;5,04379400;36,46504000
11,26162050;5,04379400;34,66597000
11,30258050;5,04379400;32,86691000
11,34354050;5,04379400;33,31706000
11,38450050;5,04379400;33,76720000
11,42546050;5,04379400;33,31706000
11,46642050;4,95376400;34,66597000
11,50738050;4,95376400;36,91519000
11,54834050;4,95376400;31,06784000
11,58930050;4,95376400;31,96814000
11,63026050;5,04379400;34,66597000
11,67122050;5,04379400;32,86691000
11,71218050;5,04379400;32,41829000
11,75314050;4,95376400;32,86691000
11,79410050;4,95376400;31,51799000
11,83506050;5,04379400;32,41829000
11,87602050;4,95376400;32,86691000
11,91698050;5,04379400;33,76720000
11,95794050;4,95376400;32,41829000
11,99890050;5,04379400;31,06784000
12,03986050;5,04379400;36,01642000
12,08082050;5,04379400;33,31706000
12,12178050;4,95376400;33,76720000
12,16274050;4,95376400;33,31706000
12,20370050;5,04379400;34,21735000
12,24466050;4,95376400;34,66597000
12,28562050;5,04379400;33,76720000
12,32658050;5,04379400;34,66597000
12,36754050;5,04379400;32,41829000
12,40850050;5,04379400;31,51799000
12,44946050;5,04379400;33,31706000
12,49042050;5,04379400;32,86691000
12,53138050;5,04379400;31,06784000
12,57234050;5,04379400;33,31706000
12,61330050;4,95376400;35,11612000
12,65426050;4,95376400;32,86691000
12,69522050;4,95376400;33,31706000
12,73618050;5,04379400;34,21735000
12,77714050;5,04379400;32,41829000
12,81810049;4,95376400;32,41829000
12,85906049;5,04379400;37,81548000
12,90002049;4,95376400;34,66597000
12,94098049;5,04379400;32,41829000
12,98194049;5,04379400;32,86691000
13,02290049;2,07129100;15,32487000
13,06386049;-0,00030519;2,73140700
13,10482049;-0,00030519;4,08032500
13,14578049;-0,00030519;4,53047300
13,18674049;-0,00030519;2,73140700
13,22770049;-0,00030519;2,73140700
13,26866049;-0,00030519;4,53047300
13,30962049;-0,00030519;4,53047300
13,35058049;-0,00030519;3,18155500
13,39154049;-0,00030519;3,18155500
13,43250049;-0,00030519;4,98062100
13,47346049;-0,00030519;3,63170300
13,51442049;-0,00030519;4,08032500
13,55538049;-0,00030519;4,08032500
13,59634049;-0,00030519;2,73140700
13,63730049;-0,00030519;2,28125800
13,67826049;-0,00030519;4,53047300
13,71922049;-0,00030519;5,43076900
13,76018049;-0,00030519;3,18155500
13,80114049;-0,00030519;4,53047300
13,84210049;-0,00030519;4,53047300
13,88306049;-0,00030519;3,63170300
13,92402049;-0,00030519;4,08032500
13,96498049;-0,00030519;4,53047300
14,00594049;-0,00030519;3,63170300
14,04690049;-0,00030519;4,53047300
14,08786049;-0,00030519;5,87939100
14,12882049;-0,00030519;4,08032500
14,16978049;-0,00030519;1,83263600
14,21074049;-0,00030519;4,53047300
14,25170049;-0,00030519;5,43076900
14,29266049;-0,00030519;4,53047300
14,33362049;-0,00030519;3,63170300
14,37458049;-0,00030519;4,08032500
14,41554049;-0,00030519;4,08032500
14,45650048;-0,00030519;4,08032500
14,49746048;-0,00030519;5,87939100
14,53842048;-0,00030519;4,98062100
14,57938048;-0,00030519;2,73140700
14,62034048;-0,00030519;4,53047300
14,66130048;-0,00030519;5,87939100
14,70226048;-0,00030519;4,53047300
14,74322048;-0,00030519;4,08032500
14,78418048;-0,00030519;4,98062100
14,82514048;-0,00030519;5,87939100
14,86610048;-0,00030519;4,98062100
14,90706048;-0,00030519;4,53047300
14,94802048;-0,00030519;4,53047300
14,98898048;0,08972442;1,83263600
15,02994048;-0,00030519;4,53047300
15,07090048;-0,00030519;7,22983500
15,11186048;-0,00030519;4,08032500
15,15282048;-0,00030519;3,63170300
15,19378048;-0,00030519;4,53047300
15,23474048;-0,00030519;5,43076900
15,27570048;-0,00030519;4,98062100
15,31666048;-0,00030519;5,43076900
15,35762048;-0,00030519;5,43076900
15,39858048;-0,00030519;4,08032500
15,43954048;-0,00030519;5,43076900
15,48050048;-0,00030519;6,32953900
15,52146048;-0,00030519;4,08032500
15,56242048;-0,00030519;3,63170300
15,60338048;-0,00030519;4,98062100
15,64434048;-0,00030519;5,87939100
15,68530048;-0,00030519;5,43076900
15,72626048;-0,00030519;5,43076900
15,76722048;-0,00030519;4,08032500
15,80818048;-0,00030519;2,28125800
15,84914048;-0,00030519;4,53047300
15,89010048;-0,00030519;5,87939100
15,93106048;-0,00030519;4,53047300
15,97202048;-0,00030519;4,53047300
16,01298048;-0,00030519;4,98062100
16,05394048;-0,00030519;5,87939100
16,09490047;-0,00030519;4,08032500
16,13586047;-0,00030519;4,53047300
16,17682047;-0,00030519;5,43076900
16,21778047;-0,00030519;4,08032500
16,25874047;-0,00030519;6,32953900
16,29970047;-0,00030519;6,32953900
16,34066047;-0,00030519;3,63170300
16,38162047;-0,00030519;3,63170300
16,42258047;-0,00030519;5,87939100
16,46354047;-0,00030519;5,87939100
16,50450047;-0,00030519;4,08032500
16,54546047;-0,00030519;4,53047300
16,58642047;-0,00030519;4,53047300
16,62738047;-0,00030519;2,73140700
16,66834047;-0,00030519;5,43076900
16,70930047;-0,00030519;5,87939100
16,75026047;-0,00030519;4,08032500
16,79122047;-0,00030519;4,08032500
16,83218047;-0,00030519;4,98062100
16,87314047;-0,00030519;4,53047300
16,91410047;-0,00030519;3,63170300
16,95506047;-0,00030519;4,53047300
16,99602047;-0,00030519;5,43076900
17,03698047;-0,00030519;4,08032500
17,07794047;-0,00030519;5,43076900
17,11890047;-0,00030519;6,32953900
17,15986047;-0,00030519;3,18155500
17,20082047;-0,00030519;4,08032500
17,24178047;-0,00030519;4,98062100
17,28274047;-0,00030519;5,87939100
17,32370047;-0,00030519;4,53047300
17,36466047;-0,00030519;3,63170300
17,40562047;-0,00030519;4,98062100
17,44658047;-0,00030519;2,73140700
17,48754047;-0,00030519;4,53047300
17,52850047;-0,00030519;4,98062100
17,56946047;-0,00030519;4,08032500
17,61042047;-0,00030519;3,63170300
17,65138047;-0,00030519;4,98062100
17,69234047;0,08972442;5,43076900
17,73330046;-0,00030519;4,08032500
17,77426046;-0,00030519;4,08032500
17,81522046;-0,00030519;5,43076900
17,85618046;-0,00030519;4,53047300
17,89714046;-0,00030519;5,43076900
17,93810046;-0,00030519;4,53047300
17,97906046;-0,00030519;2,73140700
18,02002046;-0,00030519;2,73140700
18,06098046;-0,00030519;5,87939100
18,10194046;-0,00030519;4,98062100
18,14290046;-0,00030519;4,08032500
18,18386046;-0,00030519;4,08032500
18,22482046;-0,00030519;5,87939100
18,26578046;-0,00030519;4,08032500
18,30674046;-0,00030519;3,18155500
18,34770046;-0,00030519;5,43076900
18,38866046;-0,00030519;3,63170300
18,42962046;-0,00030519;4,08032500
18,47058046;-0,00030519;4,98062100
18,51154046;-0,00030519;4,53047300
18,55250046;-0,00030519;3,18155500
18,59346046;-0,00030519;2,73140700
18,63442046;-0,00030519;4,53047300
18,67538046;-0,00030519;4,08032500
18,71634046;-0,00030519;4,08032500
18,75730046;-0,00030519;4,08032500
18,79826046;-0,00030519;2,73140700
18,83922046;-0,00030519;2,73140700
18,88018046;-0,00030519;4,08032500
18,92114046;-0,00030519;4,98062100
18,96210046;-0,00030519;3,18155500
19,00306046;-0,00030519;4,08032500
19,04402046;4,95376400;40,51332000
19,08498046;5,04379400;36,46504000
19,12594046;4,95376400;36,01642000
19,16690046;5,04379400;37,81548000
19,20786046;4,95376400;34,66597000
19,24882046;5,04379400;33,76720000
19,28978046;5,04379400;34,21735000
19,33074046;5,04379400;34,21735000
19,37170045;4,95376400;30,61922000
19,41266045;4,95376400;32,41829000
19,45362045;5,04379400;36,91519000
19,49458045;4,95376400;34,66597000
19,53554045;4,95376400;34,66597000
19,57650045;5,04379400;33,76720000
19,61746045;5,04379400;34,66597000
19,65842045;4,95376400;34,66597000
19,69938045;5,04379400;36,01642000
19,74034045;5,04379400;34,21735000
19,78130045;4,95376400;33,31706000
19,82226045;5,04379400;34,21735000
19,86322045;5,04379400;36,46504000
19,90418045;5,04379400;32,41829000
19,94514045;4,95376400;33,31706000
19,98610045;5,04379400;35,11612000
20,02706045;5,04379400;32,41829000
20,06802045;5,04379400;32,86691000
20,10898045;5,04379400;34,21735000
20,14994045;5,04379400;34,66597000
20,19090045;5,04379400;31,51799000
20,23186045;5,04379400;31,06784000
20,27282045;5,04379400;36,91519000
20,31378045;5,04379400;36,01642000
20,35474045;4,95376400;32,41829000
20,39570045;4,95376400;32,86691000
20,43666045;5,04379400;34,66597000
20,47762045;5,04379400;34,21735000
20,51858045;5,04379400;34,21735000
20,55954045;4,95376400;33,31706000
20,60050045;5,04379400;32,41829000
20,64146045;4,95376400;32,86691000
20,68242045;5,04379400;35,56627000
20,72338045;4,95376400;33,31706000
20,76434045;5,04379400;31,06784000
20,80530045;5,04379400;33,31706000
20,84626045;5,04379400;35,11612000
20,88722045;5,04379400;33,31706000
20,92818045;5,04379400;34,66597000
20,96914045;5,04379400;35,11612000
21,01010044;4,95376400;32,41829000
21,05106044;-0,00030519;1,83263600
21,09202044;-0,00030519;4,53047300
21,13298044;-0,00030519;3,18155500
21,17394044;-0,00030519;2,73140700
21,21490044;-0,00030519;2,73140700
21,25586044;-0,00030519;2,73140700
21,29682044;-0,00030519;1,38401400
21,33778044;-0,00030519;2,73140700
21,37874044;-0,00030519;3,63170300
21,41970044;-0,00030519;2,73140700
21,46066044;-0,00030519;2,28125800
21,50162044;-0,00030519;3,63170300
21,54258044;-0,00030519;2,28125800
21,58354044;-0,00030519;0,93386640
21,62450044;-0,00030519;2,73140700
21,66546044;-0,00030519;4,53047300
21,70642044;-0,00030519;3,18155500
21,74738044;-0,00030519;2,28125800
21,78834044;-0,00030519;3,18155500
21,82930044;-0,00030519;2,28125800
21,87026044;-0,00030519;2,73140700
21,91122044;-0,00030519;4,08032500
21,95218044;-0,00030519;3,63170300
21,99314044;-0,00030519;2,73140700
22,03410044;-0,00030519;3,18155500
22,07506044;-0,00030519;3,63170300
22,11602044;-0,00030519;2,28125800
22,15698044;-0,00030519;3,63170300
22,19794044;-0,00030519;2,73140700
22,23890044;-0,00030519;2,73140700
22,27986044;-0,00030519;3,63170300
22,32082044;-0,00030519;4,53047300
22,36178044;-0,00030519;3,63170300
22,40274044;-0,00030519;0,93386640
22,44370044;-0,00030519;2,73140700
22,48466044;-0,00030519;4,98062100
22,52562044;-0,00030519;3,63170300
22,56658044;-0,00030519;3,63170300
22,60754044;-0,00030519;2,73140700
22,64850044;-0,00030519;2,73140700
22,68946043;-0,00030519;1,83263600
22,73042043;-0,00030519;4,08032500
22,77138043;-0,00030519;4,08032500
22,81234043;-0,00030519;2,28125800
22,85330043;-0,00030519;4,98062100
22,89426043;-0,00030519;3,63170300
22,93522043;-0,00030519;1,83263600
22,97618043;-0,00030519;1,83263600
23,01714043;-0,00030519;5,43076900
23,05810043;5,04379400;38,71425000
23,09906043;4,95376400;37,81548000
23,14002043;5,04379400;38,71425000
23,18098043;5,04379400;34,66597000
23,22194043;5,04379400;31,51799000
23,26290043;5,04379400;35,11612000
23,30386043;5,04379400;36,91519000
23,34482043;5,04379400;35,11612000
23,38578043;4,95376400;32,41829000
23,42674043;4,95376400;36,46504000
23,46770043;4,95376400;35,11612000
23,50866043;5,04379400;32,41829000
23,54962043;5,04379400;34,66597000
23,59058043;4,95376400;34,66597000
23,63154043;5,04379400;33,76720000
23,67250043;4,95376400;34,66597000
23,71346043;5,04379400;36,46504000
23,75442043;5,04379400;34,66597000
23,79538043;4,95376400;31,96814000
23,83634043;5,04379400;35,11612000
23,87730043;4,95376400;36,01642000
23,91826043;5,04379400;35,11612000
23,95922043;4,95376400;35,11612000
24,00018043;5,04379400;33,31706000
24,04114043;-0,00030519;3,63170300
24,08210043;-0,00030519;4,98062100
24,12306043;-0,00030519;6,32953900
24,16402043;-0,00030519;3,63170300
24,20498043;-0,00030519;4,08032500
24,24594043;-0,00030519;5,87939100
24,28690043;-0,00030519;5,43076900
24,32786042;-0,00030519;3,63170300
24,36882042;-0,00030519;4,08032500
24,40978042;-0,00030519;4,53047300
24,45074042;-0,00030519;4,08032500
24,49170042;-0,00030519;5,87939100
24,53266042;-0,00030519;5,87939100
24,57362042;-0,00030519;3,18155500
24,61458042;-0,00030519;3,63170300
24,65554042;-0,00030519;4,98062100
24,69650042;-0,00030519;5,43076900
24,73746042;-0,00030519;4,08032500
24,77842042;-0,00030519;3,63170300
24,81938042;-0,00030519;3,63170300
24,86034042;-0,00030519;2,73140700
24,90130042;-0,00030519;4,98062100
24,94226042;-0,00030519;5,43076900
24,98322042;-0,00030519;3,63170300
25,02418042;-0,00030519;4,08032500
25,06514042;-0,00030519;6,32953900
25,10610042;-0,00030519;5,43076900
25,14706042;-0,00030519;4,08032500
25,18802042;-0,00030519;4,98062100
25,22898042;-0,00030519;6,32953900
25,26994042;-0,00030519;5,43076900
25,31090042;-0,00030519;5,43076900
25,35186042;-0,00030519;5,87939100
25,39282042;-0,00030519;3,63170300
25,43378042;-0,00030519;2,73140700
25,47474042;-0,00030519;4,98062100
25,51570042;-0,00030519;4,98062100
25,55666042;-0,00030519;3,18155500
25,59762042;-0,00030519;4,08032500
25,63858042;-0,00030519;5,43076900
25,67954042;-0,00030519;4,53047300
25,72050042;-0,00030519;4,53047300
25,76146042;-0,00030519;5,87939100
25,80242042;-0,00030519;3,63170300
25,84338042;-0,00030519;4,53047300
25,88434042;-0,00030519;6,32953900
25,92530042;-0,00030519;6,32953900
25,96626041;-0,00030519;2,73140700
26,00722041;-0,00030519;4,08032500
26,04818041;-0,00030519;6,32953900
26,08914041;-0,00030519;4,98062100
26,13010041;-0,00030519;5,87939100
26,17106041;-0,00030519;5,43076900
26,21202041;-0,00030519;2,73140700
26,25298041;-0,00030519;3,18155500
26,29394041;-0,00030519;5,87939100
26,33490041;-0,00030519;4,98062100
26,37586041;-0,00030519;3,63170300
26,41682041;-0,00030519;4,53047300
26,45778041;-0,00030519;6,32953900
26,49874041;-0,00030519;4,53047300
26,53970041;-0,00030519;4,53047300
26,58066041;-0,00030519;6,32953900
26,62162041;-0,00030519;4,08032500
26,66258041;-0,00030519;4,08032500
26,70354041;-0,00030519;5,87939100
26,74450041;-0,00030519;5,87939100
26,78546041;-0,00030519;3,18155500
26,82642041;-0,00030519;2,28125800
26,86738041;-0,00030519;6,77968600
26,90834041;-0,00030519;5,43076900
26,94930041;-0,00030519;4,08032500
26,99026041;-0,00030519;4,98062100
27,03122041;-0,00030519;3,63170300
27,07218041;-0,00030519;3,63170300
27,11314041;-0,00030519;5,87939100
27,15410041;-0,00030519;5,43076900
27,19506041;-0,00030519;3,63170300
27,23602041;-0,00030519;4,53047300
27,27698041;-0,00030519;5,87939100
27,31794041;-0,00030519;4,53047300
27,35890041;-0,00030519;2,73140700
27,39986041;-0,00030519;5,87939100
27,44082041;-0,00030519;3,63170300
27,48178041;-0,00030519;4,53047300
27,52274041;-0,00030519;5,43076900
27,56370041;-0,00030519;5,43076900
27,60466040;-0,00030519;2,73140700
27,64562040;-0,00030519;4,08032500
27,68658040;-0,00030519;5,87939100
27,72754040;-0,00030519;4,98062100
27,76850040;-0,00030519;4,53047300
27,80946040;-0,00030519;4,98062100
27,85042040;-0,00030519;4,08032500
27,89138040;-0,00030519;3,63170300
27,93234040;-0,00030519;4,98062100
27,97330040;-0,00030519;4,53047300
28,01426040;-0,00030519;4,53047300
28,05522040;-0,00030519;4,53047300
28,09618040;-0,00030519;6,32953900
28,13714040;-0,00030519;3,63170300
28,17810040;-0,00030519;1,38401400
28,21906040;-0,00030519;4,53047300
28,26002040;-0,00030519;3,63170300
28,30098040;-0,00030519;4,08032500
28,34194040;-0,00030519;4,53047300
28,38290040;-0,00030519;5,87939100
28,42386040;-0,00030519;2,28125800
28,46482040;-0,00030519;3,63170300
28,50578040;-0,00030519;5,87939100
28,54674040;-0,00030519;4,08032500
28,58770040;-0,00030519;2,73140700
28,62866040;-0,00030519;4,53047300
28,66962040;-0,00030519;4,08032500
28,71058040;-0,00030519;3,63170300
28,75154040;0,08972442;4,08032500
28,79250040;-0,00030519;4,53047300
28,83346040;-0,00030519;3,18155500
28,87442040;-0,00030519;3,63170300
28,91538040;-0,00030519;5,43076900
28,95634040;-0,00030519;3,63170300
28,99730040;-0,00030519;2,73140700
29,03826040;-0,00030519;4,08032500
29,07922040;-0,00030519;5,43076900
29,12018040;-0,00030519;4,08032500
29,16114040;-0,00030519;3,63170300
29,20210040;-0,00030519;2,73140700
29,24306039;-0,00030519;2,28125800
29,28402039;-0,00030519;2,73140700
29,32498039;-0,00030519;4,53047300
29,36594039;-0,00030519;3,63170300
29,40690039;-0,00030519;2,73140700
29,44786039;-0,00030519;4,53047300
29,48882039;-0,00030519;5,43076900
29,52978039;-0,00030519;2,73140700
29,57074039;-0,00030519;2,28125800
29,61170039;-0,00030519;3,63170300
29,65266039;-0,00030519;3,63170300
29,69362039;-0,00030519;4,08032500
29,73458039;-0,00030519;4,53047300
29,77554039;-0,00030519;4,08032500
29,81650039;-0,00030519;1,83263600
29,85746039;-0,00030519;3,18155500
29,89842039;-0,00030519;4,53047300
29,93938039;-0,00030519;3,18155500
29,98034039;-0,00030519;3,63170300
30,02130039;-0,00030519;3,63170300
30,06226039;4,95376400;36,46504000
30,10322039;5,04379400;36,01642000
30,14418039;4,95376400;36,91519000
30,18514039;4,95376400;34,21735000
30,22610039;4,95376400;33,31706000
30,26706039;5,04379400;36,46504000
30,30802039;4,95376400;34,66597000
30,34898039;4,95376400;31,51799000
30,38994039;5,04379400;32,41829000
30,43090039;4,95376400;35,56627000
30,47186039;4,95376400;35,56627000
30,51282039;5,04379400;32,86691000
30,55378039;5,04379400;35,11612000
30,59474039;4,95376400;33,31706000
30,63570039;4,95376400;30,16907000
30,67666039;5,04379400;33,76720000
30,71762039;5,04379400;35,11612000
30,75858039;5,04379400;32,86691000
30,79954039;5,04379400;31,06784000
30,84050039;5,04379400;33,76720000
30,88146038;5,04379400;34,21735000
30,92242038;5,04379400;32,86691000
30,96338038;5,04379400;34,21735000
31,00434038;4,95376400;33,76720000
31,04530038;5,04379400;31,06784000
31,08626038;5,04379400;33,31706000
31,12722038;5,04379400;36,46504000
31,16818038;5,04379400;34,66597000
31,20914038;4,95376400;33,31706000
31,25010038;4,95376400;34,66597000
31,29106038;5,04379400;32,86691000
31,33202038;5,04379400;32,86691000
31,37298038;5,04379400;34,21735000
31,41394038;4,95376400;33,31706000
31,45490038;5,04379400;31,96814000
31,49586038;5,04379400;34,66597000
31,53682038;5,04379400;35,11612000
31,57778038;5,04379400;31,06784000
31,61874038;4,95376400;34,21735000
31,65970038;5,04379400;35,56627000
31,70066038;4,95376400;32,86691000
31,74162038;4,95376400;31,96814000
31,78258038;4,95376400;34,21735000
31,82354038;4,95376400;32,86691000
31,86450038;5,04379400;32,86691000
31,90546038;4,95376400;33,31706000
31,94642038;5,04379400;32,86691000
31,98738038;5,04379400;32,86691000
32,02834038;5,04379400;7,67845700
32,06930038;-0,00030519;3,18155500
32,11026038;-0,00030519;4,08032500
32,15122038;-0,00030519;3,63170300
32,19218038;-0,00030519;4,08032500
32,23314038;-0,00030519;3,18155500
32,27410038;-0,00030519;2,28125800
32,31506038;-0,00030519;4,08032500
32,35602038;-0,00030519;4,53047300
32,39698038;-0,00030519;1,83263600
32,43794038;-0,00030519;3,18155500
32,47890038;-0,00030519;4,08032500
32,51986038;-0,00030519;3,63170300
32,56082037;-0,00030519;2,73140700
32,60178037;-0,00030519;4,08032500
32,64274037;-0,00030519;3,63170300
32,68370037;-0,00030519;2,28125800
32,72466037;-0,00030519;3,63170300
32,76562037;-0,00030519;4,53047300
32,80658037;-0,00030519;2,73140700
32,84754037;-0,00030519;2,28125800
32,88850037;-0,00030519;4,08032500
32,92946037;-0,00030519;5,87939100
32,97042037;-0,00030519;3,18155500
33,01138037;-0,00030519;2,73140700
33,05234037;4,95376400;39,16440000
33,09330037;5,04379400;35,11612000
33,13426037;5,04379400;35,11612000
33,17522037;5,04379400;37,81548000
33,21618037;5,04379400;33,76720000
33,25714037;5,04379400;34,21735000
33,29810037;5,04379400;35,56627000
33,33906037;5,04379400;34,66597000
33,38002037;5,04379400;32,41829000
33,42098037;5,04379400;33,76720000
33,46194037;5,04379400;36,01642000
33,50290037;5,04379400;34,66597000
33,54386037;5,04379400;35,11612000
33,58482037;5,04379400;36,46504000
33,62578037;4,95376400;32,86691000
33,66674037;5,04379400;32,86691000
33,70770037;5,04379400;37,81548000
33,74866037;4,95376400;36,46504000
33,78962037;4,95376400;33,31706000
33,83058037;5,04379400;32,86691000
33,87154037;5,04379400;35,11612000
33,91250037;5,04379400;33,76720000
33,95346037;4,95376400;35,11612000
33,99442037;4,95376400;36,01642000
34,03538037;4,77370500;7,22983500
34,07634037;-0,00030519;4,08032500
34,11730037;-0,00030519;5,43076900
34,15826037;-0,00030519;4,98062100
34,19922036;-0,00030519;2,73140700
34,24018036;-0,00030519;4,08032500
34,28114036;-0,00030519;5,87939100
34,32210036;-0,00030519;4,53047300
34,36306036;-0,00030519;4,08032500
34,40402036;-0,00030519;4,98062100
34,44498036;-0,00030519;3,63170300
34,48594036;-0,00030519;2,73140700
34,52690036;-0,00030519;5,87939100
34,56786036;-0,00030519;4,53047300
34,60882036;-0,00030519;3,18155500
34,64978036;-0,00030519;3,63170300
34,69074036;-0,00030519;5,87939100
34,73170036;-0,00030519;4,08032500
34,77266036;-0,00030519;4,53047300
34,81362036;-0,00030519;5,43076900
34,85458036;-0,00030519;3,63170300
34,89554036;-0,00030519;4,53047300
34,93650036;-0,00030519;5,43076900
34,97746036;-0,00030519;4,98062100
35,01842036;-0,00030519;2,73140700
35,05938036;-0,00030519;3,18155500
35,10034036;-0,00030519;6,32953900
35,14130036;-0,00030519;4,53047300
35,18226036;-0,00030519;4,53047300
35,22322036;-0,00030519;4,98062100
35,26418036;-0,00030519;4,08032500
35,30514036;-0,00030519;4,98062100
35,34610036;-0,00030519;6,77968600
35,38706036;-0,00030519;4,53047300
35,42802036;-0,00030519;4,08032500
35,46898036;-0,00030519;4,08032500
35,50994036;-0,00030519;6,77968600
35,55090036;-0,00030519;4,08032500
35,59186036;-0,00030519;4,08032500
35,63282036;-0,00030519;4,98062100
35,67378036;-0,00030519;4,98062100
35,71474036;-0,00030519;4,08032500
35,75570036;-0,00030519;4,53047300
35,79666036;-0,00030519;4,53047300
35,83762035;-0,00030519;2,73140700
35,87858035;-0,00030519;4,08032500
35,91954035;-0,00030519;7,22983500
35,96050035;-0,00030519;5,87939100
36,00146035;-0,00030519;3,63170300
36,04242035;-0,00030519;5,43076900
36,08338035;-0,00030519;5,43076900
36,12434035;-0,00030519;4,08032500
36,16530035;-0,00030519;4,98062100
36,20626035;-0,00030519;4,53047300
36,24722035;-0,00030519;3,63170300
36,28818035;-0,00030519;4,53047300
36,32914035;-0,00030519;7,22983500
36,37010035;-0,00030519;4,08032500
36,41106035;-0,00030519;1,83263600
36,45202035;-0,00030519;4,53047300
36,49298035;-0,00030519;4,98062100
36,53394035;-0,00030519;4,53047300
36,57490035;-0,00030519;5,87939100
36,61586035;-0,00030519;4,98062100
36,65682035;-0,00030519;4,08032500
36,69778035;-0,00030519;4,53047300
36,73874035;-0,00030519;6,32953900
36,77970035;-0,00030519;4,98062100
36,82066035;-0,00030519;3,63170300
36,86162035;-0,00030519;4,98062100
36,90258035;-0,00030519;5,87939100
36,94354035;-0,00030519;4,08032500
36,98450035;-0,00030519;4,08032500
37,02546035;-0,00030519;4,98062100
37,06642035;-0,00030519;3,63170300
37,10738035;-0,00030519;4,53047300
37,14834035;-0,00030519;5,43076900
37,18930035;-0,00030519;3,63170300
37,23026035;-0,00030519;2,28125800
37,27122035;0,08972442;5,43076900
37,31218035;-0,00030519;5,87939100
37,35314035;-0,00030519;4,98062100
37,39410035;-0,00030519;5,43076900
37,43506035;-0,00030519;4,53047300
37,47602034;-0,00030519;4,08032500
37,51698034;-0,00030519;4,53047300
37,55794034;-0,00030519;5,87939100
37,59890034;-0,00030519;4,53047300
37,63986034;-0,00030519;2,73140700
37,68082034;-0,00030519;4,53047300
37,72178034;-0,00030519;6,32953900
37,76274034;-0,00030519;3,18155500
37,80370034;-0,00030519;4,53047300
37,84466034;-0,00030519;4,53047300
37,88562034;-0,00030519;4,98062100
37,92658034;-0,00030519;4,53047300
37,96754034;-0,00030519;6,32953900
38,00850034;-0,00030519;4,08032500
38,04946034;-0,00030519;2,73140700
38,09042034;-0,00030519;5,43076900
38,13138034;0,08972442;5,87939100
38,17234034;-0,00030519;4,08032500
38,21330034;-0,00030519;3,18155500
38,25426034;-0,00030519;2,73140700
38,29522034;-0,00030519;3,63170300
38,33618034;-0,00030519;3,18155500
38,37714034;-0,00030519;4,53047300
38,41810034;-0,00030519;4,08032500
38,45906034;-0,00030519;3,18155500
38,50002034;-0,00030519;5,43076900
38,54098034;-0,00030519;4,53047300
38,58194034;-0,00030519;2,73140700
38,62290034;0,08972442;2,73140700
38,66386034;-0,00030519;4,08032500
38,70482034;-0,00030519;4,08032500
38,74578034;-0,00030519;4,08032500
38,78674034;-0,00030519;4,53047300
38,82770034;-0,00030519;3,63170300
38,86866034;-0,00030519;2,28125800
38,90962034;-0,00030519;4,53047300
38,95058034;-0,00030519;5,43076900
38,99154034;-0,00030519;3,18155500
39,03250034;-0,00030519;37,36534000
39,07346034;5,04379400;38,26563000
39,11442033;4,95376400;38,26563000
39,15538033;4,95376400;34,66597000
39,19634033;4,95376400;37,36534000
39,23730033;5,04379400;35,11612000
39,27826033;5,04379400;34,66597000
39,31922033;5,04379400;36,46504000
39,36018033;5,04379400;35,56627000
39,40114033;5,04379400;31,96814000
39,44210033;5,04379400;32,86691000
39,48306033;4,95376400;34,66597000
39,52402033;5,04379400;35,11612000
39,56498033;5,04379400;32,86691000
39,60594033;5,04379400;32,86691000
39,64690033;5,04379400;32,86691000
39,68786033;5,04379400;31,51799000
39,72882033;5,04379400;35,11612000
39,76978033;5,04379400;36,46504000
39,81074033;4,95376400;32,86691000
39,85170033;5,04379400;33,31706000
39,89266033;4,95376400;34,66597000
39,93362033;4,95376400;33,31706000
39,97458033;5,04379400;32,41829000
40,01554033;4,95376400;34,66597000
40,05650033;-0,00030519;4,53047300
40,09746033;-0,00030519;3,63170300
40,13842033;-0,00030519;3,63170300
40,17938033;-0,00030519;4,53047300
40,22034033;0,08972442;0,93386640
40,26130033;-0,00030519;2,73140700
40,30226033;-0,00030519;4,08032500
40,34322033;-0,00030519;5,43076900
40,38418033;-0,00030519;2,73140700
40,42514033;-0,00030519;3,63170300
40,46610033;-0,00030519;3,18155500
40,50706033;-0,00030519;2,28125800
40,54802033;-0,00030519;3,18155500
40,58898033;-0,00030519;4,53047300
40,62994033;-0,00030519;2,73140700
40,67090033;-0,00030519;3,18155500
40,71186033;-0,00030519;4,08032500
40,75282032;-0,00030519;3,18155500
40,79378032;-0,00030519;1,83263600
40,83474032;-0,00030519;2,73140700
40,87570032;0,08972442;4,53047300
40,91666032;-0,00030519;2,73140700
40,95762032;-0,00030519;2,73140700
40,99858032;-0,00030519;3,63170300
41,03954032;5,04379400;29,71892000
41,08050032;5,04379400;35,11612000
41,12146032;5,04379400;38,71425000
41,16242032;5,04379400;38,26563000
41,20338032;4,95376400;33,31706000
41,24434032;5,04379400;33,76720000
41,28530032;4,95376400;36,01642000
41,32626032;5,04379400;33,31706000
41,36722032;4,95376400;33,31706000
41,40818032;5,04379400;33,76720000
41,44914032;5,04379400;31,51799000
41,49010032;5,04379400;30,61922000
41,53106032;5,04379400;34,66597000
41,57202032;4,95376400;33,31706000
41,61298032;5,04379400;31,51799000
41,65394032;5,04379400;33,31706000
41,69490032;4,95376400;35,56627000
41,73586032;5,04379400;31,96814000
41,77682032;5,04379400;32,86691000
41,81778032;5,04379400;33,76720000
41,85874032;5,04379400;31,06784000
41,89970032;5,04379400;31,96814000
41,94066032;4,95376400;34,66597000
41,98162032;4,95376400;35,11612000
42,02258032;4,95376400;32,86691000
42,06354032;5,04379400;33,31706000
42,10450032;5,04379400;35,56627000
42,14546032;5,04379400;32,86691000
42,18642032;5,04379400;32,86691000
42,22738032;4,95376400;34,21735000
42,26834032;5,04379400;34,66597000
42,30930032;4,95376400;31,96814000
42,35026032;5,04379400;33,76720000
42,39122032;5,04379400;34,21735000
42,43218031;5,04379400;32,41829000
42,47314031;4,95376400;34,21735000
42,51410031;5,04379400;35,56627000
42,55506031;5,04379400;35,11612000
42,59602031;5,04379400;32,86691000
42,63698031;4,95376400;34,66597000
42,67794031;5,04379400;32,41829000
42,71890031;5,04379400;33,76720000
42,75986031;5,04379400;35,11612000
42,80082031;5,04379400;34,66597000
42,84178031;5,04379400;32,41829000
42,88274031;4,95376400;32,41829000
42,92370031;5,04379400;35,11612000
42,96466031;5,04379400;33,31706000
43,00562031;4,95376400;33,76720000
43,04658031;-0,00030519;9,02890100
43,08754031;-0,00030519;2,73140700
43,12850031;-0,00030519;3,63170300
43,16946031;-0,00030519;4,98062100
43,21042031;-0,00030519;3,63170300
43,25138031;-0,00030519;1,83263600
43,29234031;-0,00030519;2,73140700
43,33330031;-0,00030519;5,43076900
43,37426031;-0,00030519;4,08032500
43,41522031;-0,00030519;3,63170300
43,45618031;-0,00030519;4,08032500
43,49714031;-0,00030519;3,63170300
43,53810031;-0,00030519;3,63170300
43,57906031;0,08972442;4,53047300
43,62002031;-0,00030519;4,08032500
43,66098031;-0,00030519;3,63170300
43,70194031;-0,00030519;4,53047300
43,74290031;-0,00030519;5,87939100
43,78386031;-0,00030519;3,18155500
43,82482031;-0,00030519;2,28125800
43,86578031;-0,00030519;3,63170300
43,90674031;-0,00030519;4,53047300
43,94770031;-0,00030519;4,98062100
43,98866031;-0,00030519;4,53047300
44,02962031;-0,00030519;4,53047300
44,07058030;-0,00030519;2,28125800
44,11154030;-0,00030519;3,63170300
44,15250030;-0,00030519;6,32953900
44,19346030;-0,00030519;4,08032500
44,23442030;-0,00030519;4,08032500
44,27538030;-0,00030519;4,08032500
44,31634030;-0,00030519;4,53047300
44,35730030;-0,00030519;4,98062100
44,39826030;-0,00030519;4,53047300
44,43922030;-0,00030519;3,63170300
44,48018030;-0,00030519;4,08032500
44,52114030;-0,00030519;5,43076900
44,56210030;-0,00030519;5,87939100
44,60306030;-0,00030519;4,08032500
44,64402030;-0,00030519;2,73140700
44,68498030;-0,00030519;5,87939100
44,72594030;-0,00030519;5,43076900
44,76690030;-0,00030519;4,53047300
44,80786030;-0,00030519;4,98062100
44,84882030;0,08972442;4,98062100
44,88978030;-0,00030519;3,63170300
44,93074030;-0,00030519;4,98062100
44,97170030;-0,00030519;6,77968600
45,01266030;-0,00030519;4,98062100
45,05362030;4,95376400;38,26563000
45,09458030;4,95376400;40,06470000
45,13554030;5,04379400;38,26563000
45,17650030;5,04379400;35,11612000
45,21746030;5,04379400;35,11612000
45,25842030;5,04379400;36,91519000
45,29938030;4,95376400;36,01642000
45,34034030;5,04379400;36,01642000
45,38130030;5,04379400;36,91519000
45,42226030;4,95376400;34,66597000
45,46322030;5,04379400;32,86691000
45,50418030;4,95376400;36,01642000
45,54514030;5,04379400;35,11612000
45,58610030;4,95376400;36,46504000
45,62706030;4,95376400;34,21735000
45,66802030;5,04379400;33,76720000
45,70898029;5,04379400;36,01642000
45,74994029;5,04379400;35,11612000
45,79090029;4,95376400;35,56627000
45,83186029;5,04379400;33,76720000
45,87282029;5,04379400;32,41829000
45,91378029;4,95376400;36,46504000
45,95474029;5,04379400;36,01642000
45,99570029;5,04379400;33,31706000
46,03666029;5,04379400;12,62703000
46,07762029;-0,00030519;4,98062100
46,11858029;-0,00030519;5,43076900
46,15954029;-0,00030519;4,98062100
46,20050029;-0,00030519;5,43076900
46,24146029;-0,00030519;3,63170300
46,28242029;-0,00030519;2,28125800
46,32338029;-0,00030519;6,32953900
46,36434029;-0,00030519;6,77968600
46,40530029;-0,00030519;4,08032500
46,44626029;-0,00030519;4,53047300
46,48722029;-0,00030519;4,98062100
46,52818029;-0,00030519;4,98062100
46,56914029;-0,00030519;3,63170300
46,61010029;-0,00030519;5,87939100
46,65106029;-0,00030519;4,08032500
46,69202029;-0,00030519;3,63170300
46,73298029;-0,00030519;5,87939100
46,77394029;-0,00030519;5,87939100
46,81490029;-0,00030519;3,18155500
46,85586029;-0,00030519;4,08032500
46,89682029;-0,00030519;5,87939100
46,93778029;-0,00030519;5,43076900
46,97874029;-0,00030519;4,53047300
47,01970029;-0,00030519;4,53047300
47,06066029;-0,00030519;3,18155500
47,10162029;-0,00030519;2,73140700
47,14258029;-0,00030519;4,98062100
47,18354029;-0,00030519;5,43076900
47,22450029;-0,00030519;3,63170300
47,26546029;-0,00030519;4,08032500
47,30642029;-0,00030519;5,87939100
47,34738028;-0,00030519;4,53047300
47,38834028;-0,00030519;4,08032500
47,42930028;-0,00030519;5,43076900
47,47026028;-0,00030519;5,43076900
47,51122028;-0,00030519;4,08032500
47,55218028;-0,00030519;5,87939100
47,59314028;-0,00030519;5,87939100
47,63410028;-0,00030519;2,73140700
47,67506028;-0,00030519;3,18155500
47,71602028;-0,00030519;5,43076900
47,75698028;-0,00030519;5,87939100
47,79794028;-0,00030519;4,08032500
47,83890028;-0,00030519;2,73140700
47,87986028;-0,00030519;4,53047300
47,92082028;-0,00030519;4,08032500
47,96178028;-0,00030519;5,43076900
48,00274028;-0,00030519;5,43076900
48,04370028;-0,00030519;3,18155500
48,08466028;-0,00030519;4,53047300
48,12562028;-0,00030519;4,53047300
48,16658028;-0,00030519;4,08032500
48,20754028;-0,00030519;3,63170300
48,24850028;-0,00030519;4,53047300
48,28946028;-0,00030519;4,53047300
48,33042028;-0,00030519;4,08032500
48,37138028;-0,00030519;5,87939100
48,41234028;-0,00030519;5,43076900
48,45330028;-0,00030519;2,28125800
48,49426028;-0,00030519;3,18155500
48,53522028;-0,00030519;5,87939100
48,57618028;-0,00030519;5,43076900
48,61714028;-0,00030519;3,63170300
48,65810028;-0,00030519;3,63170300
48,69906028;-0,00030519;4,08032500
48,74002028;-0,00030519;2,73140700
48,78098028;-0,00030519;2,73140700
48,82194028;-0,00030519;4,98062100
48,86290028;-0,00030519;3,18155500
48,90386028;-0,00030519;3,63170300
48,94482028;-0,00030519;5,43076900
48,98578027;-0,00030519;4,08032500
49,02674027;-0,00030519;1,83263600
49,06770027;-0,00030519;3,63170300
49,10866027;-0,00030519;4,98062100
49,14962027;-0,00030519;4,53047300
49,19058027;-0,00030519;3,63170300
49,23154027;-0,00030519;4,53047300
49,27250027;-0,00030519;2,28125800
49,31346027;-0,00030519;3,18155500
49,35442027;-0,00030519;4,53047300
49,39538027;-0,00030519;4,08032500
49,43634027;-0,00030519;2,73140700
49,47730027;-0,00030519;2,73140700
49,51826027;-0,00030519;4,53047300
49,55922027;-0,00030519;3,18155500
49,60018027;-0,00030519;2,73140700
49,64114027;-0,00030519;4,53047300
49,68210027;-0,00030519;2,73140700
49,72306027;-0,00030519;3,63170300
49,76402027;0,08972442;4,08032500
49,80498027;-0,00030519;3,18155500
49,84594027;-0,00030519;1,83263600
49,88690027;-0,00030519;2,73140700
49,92786027;-0,00030519;4,08032500
49,96882027;-0,00030519;3,18155500
50,00978027;-0,00030519;2,28125800
50,05074027;5,04379400;36,91519000
50,09170027;5,04379400;35,11612000
50,13266027;5,04379400;36,01642000
50,17362027;5,04379400;36,91519000
50,21458027;5,04379400;37,36534000
50,25554027;4,95376400;32,86691000
50,29650027;5,04379400;35,11612000
50,33746027;5,04379400;35,11612000
50,37842027;4,95376400;32,86691000
50,41938027;4,95376400;32,41829000
50,46034027;5,04379400;32,86691000
50,50130027;4,95376400;32,86691000
50,54226027;5,04379400;33,76720000
50,58322027;5,04379400;36,01642000
50,62418027;5,04379400;34,66597000
50,66514026;5,04379400;29,26878000
50,70610026;5,04379400;32,41829000
50,74706026;5,04379400;35,11612000
50,78802026;4,95376400;33,31706000
50,82898026;5,04379400;32,41829000
50,86994026;5,04379400;34,21735000
50,91090026;5,04379400;33,31706000
50,95186026;5,04379400;31,96814000
50,99282026;5,04379400;36,01642000
51,03378026;5,04379400;20,27345000
51,07474026;-0,00030519;2,28125800
51,11570026;0,08972442;2,73140700
51,15666026;-0,00030519;4,08032500
51,19762026;-0,00030519;2,28125800
51,23858026;-0,00030519;1,38401400
51,27954026;-0,00030519;3,18155500
51,32050026;-0,00030519;2,73140700
51,36146026;-0,00030519;3,63170300
51,40242026;-0,00030519;4,08032500
51,44338026;-0,00030519;2,73140700
51,48434026;-0,00030519;0,93386640
51,52530026;-0,00030519;2,28125800
51,56626026;-0,00030519;4,53047300
51,60722026;-0,00030519;3,18155500
51,64818026;-0,00030519;2,73140700
51,68914026;-0,00030519;3,63170300
51,73010026;-0,00030519;2,28125800
51,77106026;-0,00030519;3,63170300
51,81202026;-0,00030519;3,18155500
51,85298026;-0,00030519;2,28125800
51,89394026;-0,00030519;1,83263600
51,93490026;-0,00030519;3,18155500
51,97586026;-0,00030519;4,53047300
52,01682026;-0,00030519;2,73140700
52,05778026;5,04379400;36,01642000
52,09874026;4,95376400;36,91519000
52,13970026;4,95376400;37,36534000
52,18066026;4,95376400;35,11612000
52,22162026;5,04379400;35,11612000
52,26258026;5,04379400;35,11612000
52,30354025;5,04379400;32,41829000
52,34450025;5,04379400;32,86691000
52,38546025;4,95376400;35,11612000
52,42642025;5,04379400;34,21735000
52,46738025;4,95376400;31,51799000
52,50834025;4,95376400;35,11612000
52,54930025;5,04379400;34,66597000
52,59026025;5,04379400;31,06784000
52,63122025;5,04379400;33,31706000
52,67218025;5,04379400;33,76720000
52,71314025;5,04379400;32,86691000
52,75410025;5,04379400;33,76720000
52,79506025;5,04379400;36,46504000
52,83602025;5,04379400;33,31706000
52,87698025;5,04379400;32,41829000
52,91794025;5,04379400;35,56627000
52,95890025;5,04379400;35,11612000
52,99986025;4,95376400;35,56627000
53,04082025;5,04379400;34,66597000
53,08178025;4,95376400;35,11612000
53,12274025;5,04379400;33,31706000
53,16370025;5,04379400;34,66597000
53,20466025;4,95376400;36,46504000
53,24562025;4,95376400;32,86691000
53,28658025;5,04379400;31,96814000
53,32754025;5,04379400;33,31706000
53,36850025;4,95376400;36,46504000
53,40946025;5,04379400;32,86691000
53,45042025;4,95376400;33,31706000
53,49138025;4,95376400;33,31706000
53,53234025;5,04379400;35,56627000
53,57330025;4,95376400;34,21735000
53,61426025;4,95376400;35,11612000
53,65522025;5,04379400;34,66597000
53,69618025;5,04379400;33,31706000
53,73714025;4,95376400;36,91519000
53,77810025;5,04379400;36,01642000
53,81906025;5,04379400;32,41829000
53,86002025;5,04379400;32,86691000
53,90098025;5,04379400;35,56627000
53,94194024;5,04379400;34,66597000
53,98290024;5,04379400;34,66597000
54,02386024;5,04379400;35,11612000
54,06482024;-0,00030519;3,63170300
54,10578024;-0,00030519;3,18155500
54,14674024;-0,00030519;6,32953900
54,18770024;-0,00030519;5,43076900
54,22866024;-0,00030519;2,73140700
54,26962024;-0,00030519;4,53047300
54,31058024;-0,00030519;5,43076900
54,35154024;-0,00030519;5,43076900
54,39250024;-0,00030519;4,53047300
54,43346024;-0,00030519;3,63170300
54,47442024;-0,00030519;2,28125800
54,51538024;-0,00030519;2,28125800
54,55634024;-0,00030519;4,98062100
54,59730024;-0,00030519;5,87939100
54,63826024;-0,00030519;3,63170300
54,67922024;-0,00030519;4,53047300
54,72018024;0,08972442;5,87939100
54,76114024;-0,00030519;4,98062100
54,80210024;-0,00030519;4,53047300
54,84306024;-0,00030519;5,43076900
54,88402024;-0,00030519;4,53047300
54,92498024;-0,00030519;4,08032500
54,96594024;-0,00030519;6,32953900
55,00690024;-0,00030519;6,32953900
55,04786024;4,95376400;34,21735000
55,08882024;5,04379400;35,56627000
55,12978024;5,04379400;38,26563000
55,17074024;4,95376400;37,81548000
55,21170024;5,04379400;35,11612000
55,25266024;5,04379400;35,11612000
55,29362024;4,95376400;36,46504000
55,33458024;4,95376400;32,86691000
55,37554024;4,95376400;37,36534000
55,41650024;5,04379400;36,91519000
55,45746024;5,04379400;33,31706000
55,49842024;5,04379400;34,21735000
55,53938024;5,04379400;36,91519000
55,58034023;5,04379400;36,01642000
55,62130023;5,04379400;32,86691000
55,66226023;5,04379400;34,21735000
55,70322023;4,95376400;36,01642000
55,74418023;5,04379400;35,11612000
55,78514023;4,95376400;36,01642000
55,82610023;4,95376400;36,01642000
55,86706023;4,95376400;33,31706000
55,90802023;4,95376400;33,76720000
55,94898023;4,95376400;36,91519000
55,98994023;4,95376400;35,11612000
56,03090023;5,04379400;34,21735000
56,07186023;5,04379400;35,11612000
56,11282023;5,04379400;35,11612000
56,15378023;5,04379400;35,11612000
56,19474023;5,04379400;36,46504000
56,23570023;5,04379400;36,01642000
56,27666023;5,04379400;32,86691000
56,31762023;4,95376400;36,01642000
56,35858023;4,95376400;38,26563000
56,39954023;5,04379400;35,11612000
56,44050023;4,95376400;32,41829000
56,48146023;4,95376400;34,66597000
56,52242023;5,04379400;36,91519000
56,56338023;5,04379400;34,66597000
56,60434023;5,04379400;35,11612000
56,64530023;5,04379400;35,11612000
56,68626023;5,04379400;32,41829000
56,72722023;4,95376400;35,56627000
56,76818023;5,04379400;36,91519000
56,80914023;5,04379400;35,11612000
56,85010023;5,04379400;33,31706000
56,89106023;4,95376400;32,86691000
56,93202023;4,95376400;36,91519000
56,97298023;5,04379400;34,66597000
57,01394023;5,04379400;34,66597000
57,05490023;-0,00030519;9,92767000
57,09586023;-0,00030519;4,08032500
57,13682023;0,08972442;5,43076900
57,17778023;-0,00030519;4,98062100
57,21874022;-0,00030519;4,98062100
57,25970022;-0,00030519;3,63170300
57,30066022;-0,00030519;4,98062100
57,34162022;-0,00030519;5,43076900
57,38258022;-0,00030519;4,53047300
57,42354022;-0,00030519;4,53047300
57,46450022;-0,00030519;4,98062100
57,50546022;-0,00030519;3,63170300
57,54642022;-0,00030519;4,53047300
57,58738022;-0,00030519;5,87939100
57,62834022;-0,00030519;4,08032500
57,66930022;-0,00030519;3,18155500
57,71026022;-0,00030519;4,53047300
57,75122022;-0,00030519;4,98062100
57,79218022;-0,00030519;3,18155500
57,83314022;-0,00030519;2,73140700
57,87410022;-0,00030519;4,53047300
57,91506022;-0,00030519;3,63170300
57,95602022;-0,00030519;4,98062100
57,99698022;-0,00030519;6,32953900
58,03794022;-0,00030519;4,53047300
58,07890022;-0,00030519;2,73140700
58,11986022;-0,00030519;4,08032500
58,16082022;-0,00030519;6,32953900
58,20178022;-0,00030519;4,08032500
58,24274022;-0,00030519;3,63170300
58,28370022;-0,00030519;3,63170300
58,32466022;-0,00030519;3,18155500
58,36562022;-0,00030519;3,18155500
58,40658022;-0,00030519;4,98062100
58,44754022;-0,00030519;4,53047300
58,48850022;-0,00030519;2,73140700
58,52946022;-0,00030519;4,53047300
58,57042022;-0,00030519;5,87939100
58,61138022;-0,00030519;4,08032500
58,65234022;-0,00030519;3,18155500
58,69330022;-0,00030519;4,08032500
58,73426022;-0,00030519;3,63170300
58,77522022;-0,00030519;4,08032500
58,81618022;-0,00030519;4,53047300
58,85714021;-0,00030519;3,18155500
58,89810021;-0,00030519;2,73140700
58,93906021;-0,00030519;3,18155500
58,98002021;-0,00030519;4,98062100
59,02098021;-0,00030519;3,63170300
59,06194021;-0,00030519;2,73140700
59,10290021;-0,00030519;4,08032500
59,14386021;-0,00030519;4,08032500
59,18482021;-0,00030519;2,73140700
59,22578021;-0,00030519;4,08032500
59,26674021;-0,00030519;3,63170300
59,30770021;-0,00030519;2,73140700
59,34866021;-0,00030519;4,08032500
59,38962021;-0,00030519;4,98062100
59,43058021;-0,00030519;1,83263600
59,47154021;-0,00030519;2,28125800
59,51250021;-0,00030519;3,63170300
59,55346021;-0,00030519;3,63170300
59,59442021;-0,00030519;3,63170300
59,63538021;-0,00030519;4,53047300
59,67634021;0,08972442;2,73140700
59,71730021;-0,00030519;2,73140700
59,75826021;-0,00030519;3,63170300
59,79922021;-0,00030519;5,43076900
59,84018021;-0,00030519;4,98062100
59,88114021;-0,00030519;2,28125800
59,92210021;-0,00030519;4,08032500
59,96306021;-0,00030519;2,73140700
60,00402021;-0,00030519;3,18155500
60,04498021;0,08972442;4,53047300
60,08594021;-0,00030519;2,73140700
60,12690021;-0,00030519;2,73140700
60,16786021;-0,00030519;3,63170300
60,20882021;-0,00030519;4,08032500
60,24978021;-0,00030519;2,73140700
60,29074021;-0,00030519;1,38401400
60,33170021;-0,00030519;4,08032500
60,37266021;0,08972442;6,32953900
60,41362021;-0,00030519;3,18155500
60,45458021;-0,00030519;3,63170300
60,49554021;-0,00030519;2,73140700
60,53650020;-0,00030519;2,73140700
60,57746020;-0,00030519;2,73140700
60,61842020;-0,00030519;4,53047300
60,65938020;-0,00030519;2,73140700
60,70034020;-0,00030519;2,28125800
60,74130020;-0,00030519;4,53047300
60,78226020;-0,00030519;4,08032500
60,82322020;-0,00030519;0,93386640
60,86418020;-0,00030519;2,73140700
60,90514020;-0,00030519;2,73140700
60,94610020;-0,00030519;2,28125800
60,98706020;-0,00030519;3,63170300
61,02802020;-0,00030519;4,53047300
61,06898020;5,04379400;37,81548000
61,10994020;5,04379400;34,66597000
61,15090020;4,95376400;38,26563000
61,19186020;5,04379400;36,46504000
61,23282020;5,04379400;33,31706000
61,27378020;4,95376400;35,11612000
61,31474020;5,04379400;34,66597000
61,35570020;5,04379400;33,31706000
61,39666020;5,04379400;33,76720000
61,43762020;5,04379400;33,76720000
61,47858020;4,95376400;32,41829000
61,51954020;5,04379400;31,51799000
61,56050020;5,04379400;34,66597000
61,60146020;5,04379400;34,66597000
61,64242020;4,95376400;31,96814000
61,68338020;5,04379400;32,86691000
61,72434020;4,95376400;33,76720000
61,76530020;4,95376400;34,21735000
61,80626020;5,04379400;33,31706000
61,84722020;5,04379400;35,11612000
61,88818020;4,95376400;31,06784000
61,92914020;4,95376400;31,06784000
61,97010020;4,95376400;36,01642000
62,01106020;5,04379400;35,56627000
62,05202020;-0,00030519;7,22983500
62,09298020;-0,00030519;2,28125800
62,13394020;-0,00030519;2,73140700
62,17490019;-0,00030519;4,08032500
62,21586019;-0,00030519;3,18155500
62,25682019;-0,00030519;2,73140700
62,29778019;-0,00030519;2,73140700
62,33874019;-0,00030519;1,83263600
62,37970019;0,08972442;4,08032500
62,42066019;-0,00030519;4,08032500
62,46162019;-0,00030519;1,83263600
62,50258019;-0,00030519;2,28125800
62,54354019;-0,00030519;4,08032500
62,58450019;-0,00030519;4,08032500
62,62546019;-0,00030519;3,63170300
62,66642019;-0,00030519;3,63170300
62,70738019;-0,00030519;2,73140700
62,74834019;-0,00030519;1,38401400
62,78930019;-0,00030519;4,53047300
62,83026019;-0,00030519;4,53047300
62,87122019;-0,00030519;2,73140700
62,91218019;-0,00030519;3,18155500
62,95314019;-0,00030519;4,53047300
62,99410019;-0,00030519;4,08032500
63,03506019;-0,00030519;2,73140700
63,07602019;4,95376400;40,06470000
63,11698019;5,04379400;37,81548000
63,15794019;5,04379400;35,11612000
63,19890019;5,04379400;37,81548000
63,23986019;4,95376400;35,11612000
63,28082019;5,04379400;33,31706000
63,32178019;4,95376400;35,11612000
63,36274019;5,04379400;35,11612000
63,40370019;5,04379400;35,11612000
63,44466019;5,04379400;34,21735000
63,48562019;4,95376400;34,21735000
63,52658019;4,95376400;33,76720000
63,56754019;4,95376400;33,31706000
63,60850019;5,04379400;35,11612000
63,64946019;5,04379400;34,66597000
63,69042019;4,95376400;31,51799000
63,73138019;5,04379400;33,31706000
63,77234019;5,04379400;36,46504000
63,81330018;4,95376400;36,91519000
63,85426018;5,04379400;31,96814000
63,89522018;5,04379400;36,01642000
63,93618018;5,04379400;36,46504000
63,97714018;4,95376400;35,11612000
64,01810018;5,04379400;35,11612000
64,05906018;5,04379400;35,11612000
64,10002018;5,04379400;31,51799000
64,14098018;4,95376400;34,21735000
64,18194018;5,04379400;36,91519000
64,22290018;5,04379400;35,11612000
64,26386018;5,04379400;31,96814000
64,30482018;5,04379400;33,31706000
64,34578018;5,04379400;35,56627000
64,38674018;5,04379400;35,11612000
64,42770018;4,95376400;36,46504000
64,46866018;5,04379400;37,36534000
64,50962018;5,04379400;32,86691000
64,55058018;5,04379400;35,11612000
64,59154018;4,95376400;38,71425000
64,63250018;4,95376400;35,11612000
64,67346018;5,04379400;33,31706000
64,71442018;4,95376400;34,21735000
64,75538018;5,04379400;35,56627000
64,79634018;5,04379400;34,21735000
64,83730018;5,04379400;34,66597000
64,87826018;5,04379400;35,56627000
64,91922018;4,95376400;33,31706000
64,96018018;5,04379400;33,76720000
65,00114018;4,95376400;37,36534000
65,04210018;4,95376400;23,87158000
65,08306018;-0,00030519;2,73140700
65,12402018;-0,00030519;4,53047300
65,16498018;-0,00030519;3,63170300
65,20594018;-0,00030519;4,08032500
65,24690018;-0,00030519;4,53047300
65,28786018;-0,00030519;5,87939100
65,32882018;-0,00030519;4,53047300
65,36978018;-0,00030519;4,53047300
65,41074018;-0,00030519;4,98062100
65,45170017;-0,00030519;4,53047300
65,49266017;-0,00030519;2,73140700
65,53362017;-0,00030519;4,98062100
65,57458017;-0,00030519;7,22983500
65,61554017;-0,00030519;4,53047300
65,65650017;-0,00030519;4,98062100
65,69746017;-0,00030519;5,43076900
65,73842017;-0,00030519;4,08032500
65,77938017;-0,00030519;4,53047300
65,82034017;0,08972442;6,32953900
65,86130017;-0,00030519;5,43076900
65,90226017;-0,00030519;3,63170300
65,94322017;-0,00030519;4,53047300
65,98418017;-0,00030519;5,43076900
66,02514017;-0,00030519;4,53047300
66,06610017;-0,00030519;4,08032500
66,10706017;-0,00030519;5,43076900
66,14802017;-0,00030519;4,53047300
66,18898017;-0,00030519;5,87939100
66,22994017;-0,00030519;6,32953900
66,27090017;-0,00030519;4,08032500
66,31186017;-0,00030519;3,63170300
66,35282017;-0,00030519;5,43076900
66,39378017;0,08972442;6,32953900
66,43474017;-0,00030519;4,08032500
66,47570017;-0,00030519;3,63170300
66,51666017;-0,00030519;4,53047300
66,55762017;-0,00030519;4,08032500
66,59858017;-0,00030519;5,43076900
66,63954017;-0,00030519;5,87939100
66,68050017;-0,00030519;4,53047300
66,72146017;-0,00030519;4,08032500
66,76242017;-0,00030519;5,43076900
66,80338017;-0,00030519;5,87939100
66,84434017;-0,00030519;3,63170300
66,88530017;-0,00030519;2,73140700
66,92626017;0,08972442;5,43076900
66,96722017;-0,00030519;4,53047300
67,00818017;-0,00030519;4,08032500
67,04914017;-0,00030519;5,87939100
67,09010016;-0,00030519;2,73140700
67,13106016;-0,00030519;2,73140700
67,17202016;-0,00030519;5,43076900
67,21298016;-0,00030519;6,77968600
67,25394016;-0,00030519;4,08032500
67,29490016;-0,00030519;4,08032500
67,33586016;-0,00030519;4,98062100
67,37682016;-0,00030519;4,53047300
67,41778016;-0,00030519;5,43076900
67,45874016;-0,00030519;4,98062100
67,49970016;-0,00030519;4,53047300
67,54066016;-0,00030519;3,18155500
67,58162016;-0,00030519;5,43076900
67,62258016;-0,00030519;5,43076900
67,66354016;-0,00030519;3,63170300
67,70450016;-0,00030519;1,83263600
67,74546016;-0,00030519;4,98062100
67,78642016;-0,00030519;5,87939100
67,82738016;-0,00030519;4,08032500
67,86834016;-0,00030519;4,53047300
67,90930016;-0,00030519;3,63170300
67,95026016;-0,00030519;4,08032500
67,99122016;-0,00030519;4,98062100
68,03218016;-0,00030519;5,87939100
68,07314016;5,04379400;37,36534000
68,11410016;4,95376400;34,66597000
68,15506016;5,04379400;36,46504000
68,19602016;5,04379400;38,71425000
68,23698016;5,04379400;35,11612000
68,27794016;4,95376400;34,66597000
68,31890016;5,04379400;35,11612000
68,35986016;4,95376400;34,66597000
68,40082016;4,95376400;35,11612000
68,44178016;5,04379400;35,56627000
68,48274016;4,95376400;32,86691000
68,52370016;5,04379400;32,86691000
68,56466016;5,04379400;36,91519000
68,60562016;4,95376400;36,46504000
68,64658016;5,04379400;34,21735000
68,68754016;5,04379400;34,66597000
68,72850015;5,04379400;33,31706000
68,76946015;5,04379400;33,76720000
68,81042015;5,04379400;36,46504000
68,85138015;4,95376400;35,56627000
68,89234015;4,95376400;35,11612000
68,93330015;5,04379400;32,41829000
68,97426015;5,04379400;36,91519000
69,01522015;5,04379400;33,76720000
69,05618015;-0,00030519;4,08032500
69,09714015;-0,00030519;3,18155500
69,13810015;-0,00030519;3,63170300
69,17906015;0,08972442;3,63170300
69,22002015;-0,00030519;3,63170300
69,26098015;-0,00030519;4,08032500
69,30194015;-0,00030519;2,28125800
69,34290015;-0,00030519;2,28125800
69,38386015;-0,00030519;4,53047300
69,42482015;-0,00030519;5,43076900
69,46578015;-0,00030519;2,73140700
69,50674015;-0,00030519;4,08032500
69,54770015;-0,00030519;3,18155500
69,58866015;-0,00030519;3,63170300
69,62962015;-0,00030519;2,28125800
69,67058015;-0,00030519;3,63170300
69,71154015;-0,00030519;3,18155500
69,75250015;-0,00030519;2,73140700
69,79346015;-0,00030519;4,98062100
69,83442015;-0,00030519;4,53047300
69,87538015;-0,00030519;0,93386640
69,91634015;-0,00030519;3,18155500
69,95730015;-0,00030519;4,08032500
69,99826015;-0,00030519;4,08032500
70,03922015;-0,00030519;4,08032500
70,08018015;-0,00030519;3,63170300
70,12114015;-0,00030519;1,83263600
70,16210015;-0,00030519;1,83263600
70,20306015;0,08972442;4,08032500
70,24402015;-0,00030519;4,08032500
70,28498015;-0,00030519;1,83263600
70,32594015;-0,00030519;2,73140700
70,36690015;-0,00030519;2,73140700
70,40786014;-0,00030519;2,28125800
70,44882014;-0,00030519;2,73140700
70,48978014;-0,00030519;4,08032500
70,53074014;-0,00030519;4,08032500
70,57170014;-0,00030519;2,73140700
70,61266014;-0,00030519;3,63170300
70,65362014;-0,00030519;2,73140700
70,69458014;-0,00030519;1,83263600
70,73554014;-0,00030519;2,28125800
70,77650014;-0,00030519;3,63170300
70,81746014;-0,00030519;4,08032500
70,85842014;-0,00030519;3,18155500
70,89938014;-0,00030519;2,73140700
70,94034014;-0,00030519;2,73140700
70,98130014;-0,00030519;1,83263600
71,02226014;-0,00030519;3,63170300
71,06322014;-0,00030519;4,08032500
71,10418014;-0,00030519;1,83263600
71,14514014;-0,00030519;3,63170300
71,18610014;-0,00030519;4,08032500
71,22706014;-0,00030519;3,63170300
71,26802014;-0,00030519;2,28125800
71,30898014;-0,00030519;1,83263600
71,34994014;-0,00030519;2,73140700
71,39090014;-0,00030519;3,18155500
71,43186014;-0,00030519;3,18155500
71,47282014;-0,00030519;3,63170300
71,51378014;-0,00030519;0,48371840
71,55474014;-0,00030519;2,28125800
71,59570014;-0,00030519;4,08032500
71,63666014;-0,00030519;3,63170300
71,67762014;-0,00030519;3,63170300
71,71858014;-0,00030519;2,73140700
71,75954014;-0,00030519;2,73140700
71,80050014;-0,00030519;1,83263600
71,84146014;-0,00030519;4,08032500
71,88242014;-0,00030519;4,08032500
71,92338014;-0,00030519;2,28125800
71,96434014;-0,00030519;2,73140700
72,00530014;-0,00030519;3,63170300
72,04626013;-0,00030519;2,28125800
72,08722013;-0,00030519;1,83263600
72,12818013;0,08972442;2,73140700
72,16914013;-0,00030519;4,08032500
72,21010013;-0,00030519;2,73140700
72,25106013;-0,00030519;4,08032500
72,29202013;-0,00030519;3,18155500
72,33298013;-0,00030519;0,93386640
72,37394013;-0,00030519;3,63170300
72,41490013;-0,00030519;6,32953900
72,45586013;-0,00030519;4,08032500
72,49682013;-0,00030519;2,73140700
72,53778013;-0,00030519;2,73140700
72,57874013;-0,00030519;3,63170300
72,61970013;0,08972442;3,18155500
72,66066013;-0,00030519;4,53047300
72,70162013;-0,00030519;3,63170300
72,74258013;-0,00030519;3,18155500
72,78354013;-0,00030519;4,08032500
72,82450013;-0,00030519;4,53047300
72,86546013;-0,00030519;2,73140700
72,90642013;-0,00030519;1,38401400
72,94738013;-0,00030519;2,28125800
72,98834013;-0,00030519;4,53047300
73,02930013;-0,00030519;3,63170300
73,07026013;-0,00030519;4,08032500
73,11122013;-0,00030519;4,08032500
73,15218013;-0,00030519;2,73140700
73,19314013;0,08972442;4,08032500
73,23410013;-0,00030519;4,98062100
73,27506013;-0,00030519;4,08032500
73,31602013;-0,00030519;3,18155500
73,35698013;-0,00030519;4,08032500
73,39794013;-0,00030519;4,98062100
73,43890013;0,08972442;2,73140700
73,47986013;-0,00030519;3,63170300
73,52082013;-0,00030519;4,08032500
73,56178013;-0,00030519;3,63170300
73,60274013;-0,00030519;4,98062100
73,64370013;-0,00030519;4,98062100
73,68466012;-0,00030519;2,73140700
73,72562012;-0,00030519;2,28125800
73,76658012;-0,00030519;4,08032500
73,80754012;-0,00030519;5,87939100
73,84850012;0,08972442;4,53047300
73,88946012;-0,00030519;3,18155500
73,93042012;-0,00030519;3,63170300
73,97138012;-0,00030519;2,73140700
74,01234012;0,08972442;4,08032500
74,05330012;3,06192200;37,81548000
74,09426012;5,04379400;39,16440000
74,13522012;5,04379400;34,66597000
74,17618012;4,95376400;37,81548000
74,21714012;4,95376400;38,71425000
74,25810012;4,95376400;35,56627000
74,29906012;5,04379400;35,56627000
74,34002012;4,95376400;37,81548000
74,38098012;4,95376400;37,36534000
74,42194012;5,04379400;36,01642000
74,46290012;5,04379400;35,11612000
74,50386012;4,95376400;36,01642000
74,54482012;5,04379400;33,31706000
74,58578012;5,04379400;36,46504000
74,62674012;5,04379400;37,81548000
74,66770012;5,04379400;36,46504000
74,70866012;5,04379400;33,31706000
74,74962012;5,04379400;36,01642000
74,79058012;5,04379400;34,66597000
74,83154012;5,04379400;34,66597000
74,87250012;4,95376400;34,66597000
74,91346012;5,04379400;35,11612000
74,95442012;4,95376400;33,31706000
74,99538012;5,04379400;36,91519000
75,03634012;5,04379400;36,91519000
75,07730012;4,95376400;34,21735000
75,11826012;5,04379400;34,66597000
75,15922012;4,95376400;35,56627000
75,20018012;5,04379400;36,46504000
75,24114012;5,04379400;36,01642000
75,28210012;5,04379400;36,01642000
75,32306011;5,04379400;34,66597000
75,36402011;5,04379400;31,51799000
75,40498011;5,04379400;36,01642000
75,44594011;4,95376400;36,91519000
75,48690011;4,95376400;33,76720000
75,52786011;5,04379400;33,76720000
75,56882011;4,95376400;36,46504000
75,60978011;5,04379400;34,66597000
75,65074011;5,04379400;34,66597000
75,69170011;5,04379400;36,46504000
75,73266011;5,04379400;35,56627000
75,77362011;5,04379400;33,76720000
75,81458011;5,04379400;36,46504000
75,85554011;5,04379400;36,46504000
75,89650011;5,04379400;33,31706000
75,93746011;4,95376400;33,31706000
75,97842011;4,95376400;36,91519000
76,01938011;5,04379400;36,01642000
76,06034011;5,04379400;33,76720000
76,10130011;4,95376400;36,01642000
76,14226011;4,95376400;36,01642000
76,18322011;5,04379400;34,21735000
76,22418011;5,04379400;35,11612000
76,26514011;4,95376400;36,01642000
76,30610011;5,04379400;34,66597000
76,34706011;5,04379400;33,31706000
76,38802011;5,04379400;37,81548000
76,42898011;5,04379400;36,46504000
76,46994011;4,95376400;35,11612000
76,51090011;4,95376400;32,86691000
76,55186011;4,95376400;36,01642000
76,59282011;4,95376400;32,86691000
76,63378011;4,95376400;34,66597000
76,67474011;5,04379400;36,46504000
76,71570011;5,04379400;33,31706000
76,75666011;4,95376400;32,86691000
76,79762011;5,04379400;36,91519000
76,83858011;5,04379400;36,91519000
76,87954011;4,95376400;34,66597000
76,92050011;4,95376400;35,11612000
76,96146010;5,04379400;35,11612000
77,00242010;5,04379400;34,66597000
77,04338010;5,04379400;36,46504000
77,08434010;5,04379400;36,91519000
77,12530010;4,95376400;34,21735000
77,16626010;5,04379400;34,66597000
77,20722010;5,04379400;36,46504000
77,24818010;5,04379400;36,01642000
77,28914010;4,95376400;31,51799000
77,33010010;5,04379400;34,66597000
77,37106010;5,04379400;34,66597000
77,41202010;4,95376400;35,11612000
77,45298010;5,04379400;36,01642000
77,49394010;5,04379400;35,11612000
77,53490010;4,95376400;33,31706000
77,57586010;4,95376400;34,66597000
77,61682010;5,04379400;36,46504000
77,65778010;5,04379400;35,56627000
77,69874010;4,95376400;34,66597000
77,73970010;4,95376400;35,56627000
77,78066010;5,04379400;35,11612000
77,82162010;5,04379400;35,56627000
77,86258010;5,04379400;33,31706000
77,90354010;5,04379400;34,66597000
77,94450010;5,04379400;34,66597000
77,98546010;4,95376400;33,76720000
78,02642010;5,04379400;37,36534000
78,06738010;5,04379400;36,91519000
78,10834010;5,04379400;32,86691000
78,14930010;5,04379400;34,21735000
78,19026010;4,95376400;36,01642000
78,23122010;5,04379400;35,11612000
78,27218010;4,95376400;33,31706000
78,31314010;5,04379400;35,11612000
78,35410010;5,04379400;33,31706000
78,39506010;4,95376400;32,86691000
78,43602010;5,04379400;34,66597000
78,47698010;4,95376400;35,56627000
78,51794010;4,95376400;31,96814000
78,55890010;5,04379400;33,31706000
78,59986009;5,04379400;36,01642000
78,64082009;5,04379400;32,86691000
78,68178009;4,95376400;31,51799000
78,72274009;5,04379400;34,66597000
78,76370009;5,04379400;33,76720000
78,80466009;5,04379400;34,66597000
78,84562009;5,04379400;35,56627000
78,88658009;4,95376400;35,56627000
78,92754009;5,04379400;32,41829000
78,96850009;4,95376400;34,21735000
79,00946009;4,95376400;37,36534000
79,05042009;4,95376400;35,56627000
79,09138009;5,04379400;35,11612000
79,13234009;5,04379400;32,41829000
79,17330009;5,04379400;32,86691000
79,21426009;5,04379400;32,86691000
79,25522009;5,04379400;35,11612000
79,29618009;4,95376400;34,21735000
79,33714009;5,04379400;31,96814000
79,37810009;5,04379400;34,21735000
79,41906009;5,04379400;36,01642000
79,46002009;4,95376400;34,21735000
79,50098009;5,04379400;32,41829000
79,54194009;5,04379400;35,11612000
79,58290009;5,04379400;35,11612000
79,62386009;5,04379400;32,41829000
79,66482009;4,95376400;33,31706000
79,70578009;5,04379400;33,31706000
79,74674009;5,04379400;30,16907000
79,78770009;5,04379400;31,96814000
79,82866009;4,95376400;36,46504000
79,86962009;4,95376400;34,66597000
79,91058009;5,04379400;33,31706000
79,95154009;4,95376400;35,11612000
79,99250009;5,04379400;36,01642000
80,03346009;4,95376400;32,41829000
80,07442009;5,04379400;34,21735000
80,11538009;5,04379400;32,86691000
80,15634009;4,95376400;32,86691000
80,19730009;5,04379400;35,11612000
80,23826009;5,04379400;36,46504000
80,27922008;4,95376400;31,51799000
80,32018008;5,04379400;31,51799000
80,36114008;5,04379400;34,21735000
80,40210008;5,04379400;33,31706000
80,44306008;5,04379400;33,31706000
80,48402008;5,04379400;33,76720000
80,52498008;5,04379400;33,76720000
80,56594008;5,04379400;30,61922000
80,60690008;5,04379400;33,31706000
80,64786008;4,95376400;35,56627000
80,68882008;5,04379400;33,76720000
80,72978008;5,04379400;32,86691000
80,77074008;5,04379400;34,21735000
80,81170008;5,04379400;33,31706000
80,85266008;4,95376400;33,31706000
80,89362008;5,04379400;34,66597000
80,93458008;5,04379400;33,31706000
80,97554008;4,95376400;32,41829000
81,01650008;5,04379400;32,41829000
81,05746008;5,04379400;34,21735000
81,09842008;5,04379400;31,51799000
81,13938008;4,95376400;30,61922000
81,18034008;5,04379400;33,31706000
81,22130008;5,04379400;36,01642000
81,26226008;5,04379400;31,51799000
81,30322008;5,04379400;33,31706000
81,34418008;4,95376400;34,66597000
81,38514008;5,04379400;32,41829000
81,42610008;5,04379400;34,21735000
81,46706008;5,04379400;36,91519000
81,50802008;5,04379400;34,66597000
81,54898008;4,95376400;31,06784000
81,58994008;5,04379400;34,21735000
81,63090008;5,04379400;34,66597000
81,67186008;4,95376400;31,06784000
81,71282008;5,04379400;31,96814000
81,75378008;5,04379400;34,21735000
81,79474008;5,04379400;32,41829000
81,83570008;5,04379400;34,21735000
81,87666008;5,04379400;34,21735000
81,91762007;5,04379400;31,51799000
81,95858007;4,95376400;31,06784000
81,99954007;5,04379400;31,96814000
82,04050007;4,95376400;36,01642000
82,08146007;5,04379400;33,31706000
82,12242007;5,04379400;31,96814000
82,16338007;5,04379400;33,31706000
82,20434007;5,04379400;32,41829000
82,24530007;5,04379400;31,51799000
82,28626007;5,04379400;33,31706000
82,32722007;5,04379400;32,41829000
82,36818007;5,04379400;33,31706000
82,40914007;5,04379400;34,21735000
82,45010007;5,04379400;36,46504000
82,49106007;4,95376400;31,06784000
82,53202007;5,04379400;31,51799000
82,57298007;5,04379400;34,21735000
82,61394007;4,95376400;34,66597000
82,65490007;4,95376400;34,66597000
82,69586007;5,04379400;33,31706000
82,73682007;5,04379400;31,51799000
82,77778007;5,04379400;31,51799000
82,81874007;5,04379400;36,01642000
82,85970007;5,04379400;36,91519000
82,90066007;5,04379400;32,41829000
82,94162007;5,04379400;31,06784000
82,98258007;5,04379400;33,31706000
83,02354007;5,04379400;33,31706000
83,06450007;4,95376400;32,41829000
83,10546007;4,95376400;32,86691000
83,14642007;4,95376400;34,21735000
83,18738007;4,95376400;31,96814000
83,22834007;5,04379400;36,46504000
83,26930007;5,04379400;36,46504000
83,31026007;5,04379400;31,51799000
83,35122007;5,04379400;31,96814000
83,39218007;5,04379400;37,36534000
83,43314007;5,04379400;35,56627000
83,47410007;5,04379400;33,31706000
83,51506007;5,04379400;34,21735000
83,55602006;4,95376400;31,96814000
83,59698006;5,04379400;32,86691000
83,63794006;4,95376400;34,21735000
83,67890006;5,04379400;35,56627000
83,71986006;5,04379400;32,86691000
83,76082006;5,04379400;32,86691000
83,80178006;5,04379400;36,01642000
83,84274006;4,95376400;36,01642000
83,88370006;4,95376400;33,31706000
83,92466006;5,04379400;32,86691000
83,96562006;5,04379400;33,31706000
84,00658006;5,04379400;35,56627000
84,04754006;5,04379400;34,66597000
84,08850006;5,04379400;35,11612000
84,12946006;5,04379400;32,86691000
84,17042006;5,04379400;31,96814000
84,21138006;5,04379400;35,11612000
84,25234006;5,04379400;36,01642000
84,29330006;4,95376400;34,21735000
84,33426006;5,04379400;33,76720000
84,37522006;5,04379400;35,11612000
84,41618006;4,95376400;33,31706000
84,45714006;4,95376400;34,66597000
84,49810006;5,04379400;36,91519000
84,53906006;5,04379400;34,21735000
84,58002006;4,95376400;35,11612000
84,62098006;5,04379400;36,46504000
84,66194006;5,04379400;34,66597000
84,70290006;5,04379400;32,41829000
84,74386006;5,04379400;34,21735000
84,78482006;4,95376400;35,11612000
84,82578006;4,95376400;36,01642000
84,86674006;5,04379400;35,56627000
84,90770006;5,04379400;36,46504000
84,94866006;4,95376400;32,86691000
84,98962006;5,04379400;33,31706000
85,03058006;4,95376400;37,81548000
85,07154006;4,95376400;36,91519000
85,11250006;5,04379400;34,21735000
85,15346006;5,04379400;34,66597000
85,19442005;5,04379400;35,11612000
85,23538005;5,04379400;35,56627000
85,27634005;5,04379400;35,56627000
85,31730005;4,95376400;35,11612000
85,35826005;5,04379400;32,86691000
85,39922005;5,04379400;35,56627000
85,44018005;5,04379400;37,36534000
85,48114005;5,04379400;35,11612000
85,52210005;5,04379400;33,31706000
85,56306005;5,04379400;35,11612000
85,60402005;5,04379400;36,46504000
85,64498005;5,04379400;35,11612000
85,68594005;4,95376400;32,86691000
85,72690005;5,04379400;36,01642000
85,76786005;5,04379400;34,21735000
85,80882005;4,95376400;35,11612000
85,84978005;4,95376400;36,46504000
85,89074005;4,95376400;36,01642000
85,93170005;4,95376400;33,31706000
85,97266005;5,04379400;35,11612000
86,01362005;5,04379400;37,81548000
86,05458005;5,04379400;34,66597000
86,09554005;5,04379400;33,76720000
86,13650005;4,95376400;35,11612000
86,17746005;5,04379400;33,31706000
86,21842005;5,04379400;34,66597000
86,25938005;4,95376400;36,91519000
86,30034005;5,04379400;34,66597000
86,34130005;5,04379400;31,51799000
86,38226005;5,04379400;36,01642000
86,42322005;5,04379400;37,81548000
86,46418005;4,95376400;34,66597000
86,50514005;4,95376400;34,21735000
86,54610005;5,04379400;34,21735000
86,58706005;5,04379400;35,11612000
86,62802005;5,04379400;34,66597000
86,66898005;5,04379400;37,81548000
86,70994005;5,04379400;35,11612000
86,75090005;5,04379400;31,51799000
86,79186005;5,04379400;35,11612000
86,83282004;5,04379400;36,46504000
86,87378004;5,04379400;33,76720000
86,91474004;4,95376400;34,66597000
86,95570004;4,95376400;34,21735000
86,99666004;4,95376400;35,56627000
87,03762004;4,95376400;36,46504000
87,07858004;5,04379400;37,36534000
87,11954004;5,04379400;36,01642000
87,16050004;4,95376400;33,31706000
87,20146004;4,95376400;36,46504000
87,24242004;4,95376400;37,81548000
87,28338004;5,04379400;34,66597000
87,32434004;4,95376400;31,51799000
87,36530004;5,04379400;33,76720000
87,40626004;5,04379400;34,66597000
87,44722004;5,04379400;34,21735000
87,48818004;5,04379400;34,21735000
87,52914004;4,95376400;35,11612000
87,57010004;4,95376400;32,41829000
87,61106004;5,04379400;35,56627000
87,65202004;4,95376400;36,91519000
87,69298004;5,04379400;33,76720000
87,73394004;5,04379400;32,41829000
87,77490004;4,95376400;34,66597000
87,81586004;4,95376400;35,11612000
87,85682004;5,04379400;34,66597000
87,89778004;4,95376400;36,01642000
87,93874004;5,04379400;36,01642000
87,97970004;5,04379400;31,96814000
88,02066004;4,95376400;34,66597000
88,06162004;5,04379400;36,46504000
88,10258004;5,04379400;33,76720000
88,14354004;5,04379400;32,86691000
88,18450004;5,04379400;34,21735000
88,22546004;5,04379400;34,21735000
88,26642004;5,04379400;33,31706000
88,30738004;5,04379400;33,76720000
88,34834004;4,95376400;35,11612000
88,38930004;4,95376400;32,86691000
88,43026004;5,04379400;36,91519000
88,47122003;4,95376400;36,46504000
88,51218003;5,04379400;33,76720000
88,55314003;5,04379400;33,31706000
88,59410003;5,04379400;36,01642000
88,63506003;5,04379400;36,01642000
88,67602003;5,04379400;33,31706000
88,71698003;5,04379400;33,76720000
88,75794003;5,04379400;34,66597000
88,79890003;5,04379400;31,51799000
88,83986003;5,04379400;32,86691000
88,88082003;5,04379400;35,56627000
88,92178003;4,95376400;32,86691000
88,96274003;5,04379400;33,76720000
89,00370003;4,95376400;33,31706000
89,04466003;5,04379400;36,46504000
89,08562003;5,04379400;33,31706000
89,12658003;5,04379400;32,41829000
89,16754003;5,04379400;34,66597000
89,20850003;4,95376400;33,76720000
89,24946003;5,04379400;35,56627000
89,29042003;5,04379400;35,11612000
89,33138003;5,04379400;33,31706000
89,37234003;5,04379400;31,96814000
89,41330003;5,04379400;35,56627000
89,45426003;4,95376400;35,11612000
89,49522003;5,04379400;31,51799000
89,53618003;5,04379400;32,41829000
89,57714003;5,04379400;35,11612000
89,61810003;4,95376400;31,96814000
89,65906003;4,95376400;34,21735000
89,70002003;5,04379400;35,56627000
89,74098003;5,04379400;32,41829000
89,78194003;5,04379400;33,31706000
89,82290003;4,95376400;35,11612000
89,86386003;5,04379400;35,11612000
89,90482003;5,04379400;32,41829000
89,94578003;5,04379400;32,41829000
89,98674003;5,04379400;34,21735000
90,02770003;5,04379400;33,31706000
90,06866003;5,04379400;32,86691000
90,10962003;5,04379400;34,66597000
90,15058002;4,95376400;31,51799000
90,19154002;4,95376400;32,41829000
90,23250002;4,95376400;34,66597000
90,27346002;5,04379400;36,01642000
90,31442002;5,04379400;33,76720000
90,35538002;5,04379400;31,96814000
90,39634002;5,04379400;34,66597000
90,43730002;5,04379400;33,31706000
90,47826002;4,95376400;32,86691000
90,51922002;5,04379400;33,31706000
90,56018002;5,04379400;32,41829000
90,60114002;4,95376400;32,41829000
90,64210002;5,04379400;34,21735000
90,68306002;5,04379400;35,11612000
90,72402002;5,04379400;32,41829000
90,76498002;4,95376400;30,61922000
90,80594002;4,95376400;34,21735000
90,84690002;5,04379400;33,31706000
90,88786002;5,04379400;33,31706000
90,92882002;4,95376400;34,21735000
90,96978002;5,04379400;31,51799000
91,01074002;5,04379400;31,51799000
91,05170002;5,04379400;34,21735000
91,09266002;5,04379400;36,46504000
91,13362002;5,04379400;30,16907000
91,17458002;5,04379400;31,96814000
91,21554002;5,04379400;33,31706000
91,25650002;5,04379400;32,86691000
91,29746002;5,04379400;32,86691000
91,33842002;4,95376400;34,66597000
91,37938002;4,95376400;33,31706000
91,42034002;4,95376400;33,31706000
91,46130002;5,04379400;32,86691000
91,50226002;5,04379400;35,11612000
91,54322002;5,04379400;32,41829000
91,58418002;5,04379400;32,41829000
91,62514002;5,04379400;36,01642000
91,66610002;5,04379400;35,11612000
91,70706002;5,04379400;32,86691000
91,74802002;4,95376400;32,86691000
91,78898001;4,95376400;31,06784000
91,82994001;5,04379400;32,41829000
91,87090001;5,04379400;34,21735000
91,91186001;4,95376400;34,21735000
91,95282001;5,04379400;31,51799000
91,99378001;5,04379400;32,41829000
92,03474001;5,04379400;36,01642000
92,07570001;4,95376400;34,21735000
