Time;Channel A
(ms);(V)

-2,00826605;5,07339700
-2,00314605;5,07339700
-1,99802605;5,07339700
-1,99290605;5,07339700
-1,98778605;5,16006900
-1,98266605;5,07339700
-1,97754605;2,20557300
-1,97242605;0,12024290
-1,96730605;0,03326517
-1,96218605;0,03326517
-1,95706605;0,03326517
-1,95194605;0,03326517
-1,94682605;0,03326517
-1,94170605;0,03326517
-1,93658605;0,03326517
-1,93146605;0,03326517
-1,92634605;0,03326517
-1,92122605;0,03326517
-1,91610605;0,03326517
-1,91098605;0,03326517
-1,90586605;0,03326517
-1,90074605;0,03326517
-1,89562605;0,03326517
-1,89050605;0,03326517
-1,88538605;0,03326517
-1,88026605;0,03326517
-1,87514605;0,03326517
-1,87002605;0,03326517
-1,86490605;0,03326517
-1,85978605;0,03326517
-1,85466605;0,03326517
-1,84954605;0,03326517
-1,84442605;0,03326517
-1,83930605;0,03326517
-1,83418605;-0,05371258
-1,82906605;0,03326517
-1,82394605;0,03326517
-1,81882605;0,03326517
-1,81370605;0,03326517
-1,80858605;0,03326517
-1,80346605;0,03326517
-1,79834605;0,03326517
-1,79322605;0,03326517
-1,78810605;0,03326517
-1,78298605;0,03326517
-1,77786605;0,03326517
-1,77274605;0,03326517
-1,76762605;0,03326517
-1,76250605;0,03326517
-1,75738605;0,03326517
-1,75226605;0,03326517
-1,74714605;0,03326517
-1,74202605;0,03326517
-1,73690605;0,03326517
-1,73178605;-0,05371258
-1,72666605;0,03326517
-1,72154605;0,03326517
-1,71642605;0,03326517
-1,71130605;0,03326517
-1,70618605;0,03326517
-1,70106605;0,03326517
-1,69594605;0,03326517
-1,69082605;-0,05371258
-1,68570605;0,03326517
-1,68058605;-0,05371258
-1,67546605;0,03326517
-1,67034605;0,03326517
-1,66522605;0,03326517
-1,66010605;0,03326517
-1,65498605;-0,05371258
-1,64986605;-0,05371258
-1,64474605;0,03326517
-1,63962605;0,03326517
-1,63450605;0,03326517
-1,62938605;0,03326517
-1,62426605;0,03326517
-1,61914605;0,03326517
-1,61402605;-0,05371258
-1,60890605;0,03326517
-1,60378605;0,03326517
-1,59866605;0,03326517
-1,59354605;0,03326517
-1,58842605;0,03326517
-1,58330605;0,03326517
-1,57818605;0,03326517
-1,57306605;-0,05371258
-1,56794605;0,03326517
-1,56282605;0,03326517
-1,55770605;0,03326517
-1,55258605;0,03326517
-1,54746605;-0,05371258
-1,54234605;0,03326517
-1,53722605;-0,05371258
-1,53210605;0,03326517
-1,52698605;-0,05371258
-1,52186605;-0,05371258
-1,51674605;0,03326517
-1,51162605;0,03326517
-1,50650605;-0,05371258
-1,50138605;0,03326517
-1,49626605;0,03326517
-1,49114605;0,03326517
-1,48602605;0,03326517
-1,48090605;-0,05371258
-1,47578605;0,03326517
-1,47066605;0,03326517
-1,46554605;0,03326517
-1,46042605;0,03326517
-1,45530605;-0,05371258
-1,45018605;0,03326517
-1,44506605;0,03326517
-1,43994605;0,03326517
-1,43482605;0,03326517
-1,42970605;0,03326517
-1,42458605;0,03326517
-1,41946605;0,03326517
-1,41434605;-0,05371258
-1,40922605;0,03326517
-1,40410605;0,03326517
-1,39898605;0,03326517
-1,39386605;0,03326517
-1,38874605;0,03326517
-1,38362605;0,03326517
-1,37850605;0,03326517
-1,37338605;-0,05371258
-1,36826605;0,03326517
-1,36314605;0,03326517
-1,35802605;0,03326517
-1,35290605;0,03326517
-1,34778605;0,03326517
-1,34266605;0,03326517
-1,33754605;0,03326517
-1,33242605;0,03326517
-1,32730605;0,03326517
-1,32218605;0,03326517
-1,31706605;0,03326517
-1,31194605;-0,05371258
-1,30682605;0,03326517
-1,30170605;0,03326517
-1,29658605;0,03326517
-1,29146605;0,03326517
-1,28634605;0,03326517
-1,28122605;0,03326517
-1,27610605;-0,05371258
-1,27098605;-0,05371258
-1,26586605;-0,05371258
-1,26074605;0,03326517
-1,25562605;-0,05371258
-1,25050605;0,03326517
-1,24538605;0,03326517
-1,24026605;0,03326517
-1,23514605;0,03326517
-1,23002605;0,03326517
-1,22490605;0,03326517
-1,21978605;0,03326517
-1,21466605;0,03326517
-1,20954605;0,03326517
-1,20442605;0,03326517
-1,19930605;0,03326517
-1,19418605;0,03326517
-1,18906605;0,03326517
-1,18394605;0,03326517
-1,17882605;-0,05371258
-1,17370605;0,03326517
-1,16858605;-0,05371258
-1,16346605;-0,05371258
-1,15834605;0,03326517
-1,15322605;-0,05371258
-1,14810605;0,03326517
-1,14298605;0,03326517
-1,13786605;0,03326517
-1,13274605;0,03326517
-1,12762605;0,03326517
-1,12250605;-0,05371258
-1,11738605;0,03326517
-1,11226605;0,03326517
-1,10714605;-0,05371258
-1,10202605;0,03326517
-1,09690605;0,03326517
-1,09178605;0,03326517
-1,08666605;0,03326517
-1,08154605;0,03326517
-1,07642605;0,03326517
-1,07130605;0,03326517
-1,06618605;0,03326517
-1,06106605;0,03326517
-1,05594605;0,03326517
-1,05082605;-0,05371258
-1,04570605;0,03326517
-1,04058605;0,03326517
-1,03546605;0,03326517
-1,03034605;0,03326517
-1,02522605;0,03326517
-1,02010605;-0,05371258
-1,01498605;-0,05371258
-1,00986605;0,03326517
-1,00474605;0,03326517
-0,99962605;0,03326517
-0,99450605;0,03326517
-0,98938605;-0,05371258
-0,98426605;0,03326517
-0,97914605;0,03326517
-0,97402605;0,03326517
-0,96890605;0,03326517
-0,96378605;-0,05371258
-0,95866605;-0,05371258
-0,95354605;0,03326517
-0,94842605;0,03326517
-0,94330605;0,03326517
-0,93818606;0,03326517
-0,93306606;-0,05371258
-0,92794606;-0,05371258
-0,92282606;0,03326517
-0,91770606;0,03326517
-0,91258606;0,03326517
-0,90746606;0,03326517
-0,90234606;0,03326517
-0,89722606;0,03326517
-0,89210606;-0,05371258
-0,88698606;0,03326517
-0,88186606;0,03326517
-0,87674606;-0,05371258
-0,87162606;0,03326517
-0,86650606;-0,05371258
-0,86138606;0,03326517
-0,85626606;0,03326517
-0,85114606;0,03326517
-0,84602606;0,03326517
-0,84090606;0,03326517
-0,83578606;0,03326517
-0,83066606;0,03326517
-0,82554606;0,03326517
-0,82042606;0,03326517
-0,81530606;0,03326517
-0,81018606;0,03326517
-0,80506606;0,03326517
-0,79994606;0,03326517
-0,79482606;0,03326517
-0,78970606;0,03326517
-0,78458606;0,03326517
-0,77946606;0,03326517
-0,77434606;0,03326517
-0,76922606;0,03326517
-0,76410606;0,03326517
-0,75898606;-0,05371258
-0,75386606;0,03326517
-0,74874606;0,03326517
-0,74362606;0,03326517
-0,73850606;0,03326517
-0,73338606;0,03326517
-0,72826606;0,03326517
-0,72314606;0,03326517
-0,71802606;0,03326517
-0,71290606;0,03326517
-0,70778606;0,03326517
-0,70266606;0,03326517
-0,69754606;0,03326517
-0,69242606;0,03326517
-0,68730606;0,03326517
-0,68218606;0,03326517
-0,67706606;-0,05371258
-0,67194606;0,03326517
-0,66682606;0,03326517
-0,66170606;0,03326517
-0,65658606;0,03326517
-0,65146606;0,03326517
-0,64634606;0,03326517
-0,64122606;0,03326517
-0,63610606;0,03326517
-0,63098606;0,03326517
-0,62586606;-0,05371258
-0,62074606;-0,05371258
-0,61562606;-0,05371258
-0,61050606;0,03326517
-0,60538606;0,03326517
-0,60026606;0,03326517
-0,59514606;-0,05371258
-0,59002606;0,03326517
-0,58490606;0,03326517
-0,57978606;0,03326517
-0,57466606;0,03326517
-0,56954606;0,03326517
-0,56442606;0,03326517
-0,55930606;0,03326517
-0,55418606;0,03326517
-0,54906606;0,03326517
-0,54394606;0,03326517
-0,53882606;0,03326517
-0,53370606;0,03326517
-0,52858606;0,03326517
-0,52346606;0,03326517
-0,51834606;0,03326517
-0,51322606;0,03326517
-0,50810606;0,03326517
-0,50298606;0,03326517
-0,49786606;0,03326517
-0,49274606;0,03326517
-0,48762606;0,03326517
-0,48250606;0,03326517
-0,47738606;0,03326517
-0,47226606;0,03326517
-0,46714606;0,03326517
-0,46202606;0,03326517
-0,45690606;0,03326517
-0,45178606;-0,05371258
-0,44666606;0,03326517
-0,44154606;0,03326517
-0,43642606;0,03326517
-0,43130606;0,03326517
-0,42618606;0,03326517
-0,42106606;0,03326517
-0,41594606;0,03326517
-0,41082606;-0,05371258
-0,40570606;0,03326517
-0,40058606;0,03326517
-0,39546606;0,03326517
-0,39034606;0,03326517
-0,38522606;0,03326517
-0,38010606;0,03326517
-0,37498606;0,03326517
-0,36986606;0,03326517
-0,36474606;0,03326517
-0,35962606;0,03326517
-0,35450606;0,03326517
-0,34938606;0,03326517
-0,34426606;0,03326517
-0,33914606;0,03326517
-0,33402606;0,03326517
-0,32890606;0,03326517
-0,32378606;0,03326517
-0,31866606;0,03326517
-0,31354606;0,03326517
-0,30842606;0,03326517
-0,30330606;0,03326517
-0,29818606;0,03326517
-0,29306606;0,03326517
-0,28794606;0,03326517
-0,28282606;0,03326517
-0,27770606;0,03326517
-0,27258606;-0,05371258
-0,26746606;0,03326517
-0,26234606;0,03326517
-0,25722606;0,03326517
-0,25210606;0,03326517
-0,24698606;0,03326517
-0,24186606;0,03326517
-0,23674606;0,03326517
-0,23162606;0,03326517
-0,22650606;0,03326517
-0,22138606;0,03326517
-0,21626606;0,03326517
-0,21114606;0,03326517
-0,20602606;0,03326517
-0,20090606;0,03326517
-0,19578606;0,03326517
-0,19066606;0,03326517
-0,18554606;0,03326517
-0,18042606;0,03326517
-0,17530606;0,03326517
-0,17018606;-0,05371258
-0,16506606;0,03326517
-0,15994606;0,03326517
-0,15482606;0,03326517
-0,14970606;-0,05371258
-0,14458606;0,03326517
-0,13946606;-0,05371258
-0,13434606;-0,05371258
-0,12922606;-0,05371258
-0,12410606;0,03326517
-0,11898606;-0,05371258
-0,11386606;0,03326517
-0,10874606;-0,05371258
-0,10362606;0,03326517
-0,09850606;0,03326517
-0,09338606;0,03326517
-0,08826606;0,03326517
-0,08314606;0,03326517
-0,07802606;-0,05371258
-0,07290606;0,03326517
-0,06778606;0,03326517
-0,06266606;0,03326517
-0,05754606;0,03326517
-0,05242606;0,03326517
-0,04730606;0,03326517
-0,04218606;0,03326517
-0,03706606;0,03326517
-0,03194606;0,03326517
-0,02682606;0,03326517
-0,02170606;0,03326517
-0,01658606;0,03326517
-0,01146606;-0,05371258
-0,00634606;0,03326517
-0,00122606;0,03326517
0,00389394;0,03326517
0,00901394;0,03326517
0,01413394;4,46485800
0,01925394;4,98641900
0,02437394;5,07339700
0,02949394;5,07339700
0,03461394;5,07339700
0,03973394;5,07339700
0,04485394;5,07339700
0,04997394;5,07339700
0,05509394;5,07339700
0,06021394;5,07339700
0,06533394;5,07339700
0,07045394;5,07339700
0,07557394;5,07339700
0,08069394;5,07339700
0,08581394;5,07339700
0,09093394;5,07339700
0,09605394;5,07339700
0,10117394;5,07339700
0,10629394;5,07339700
0,11141394;5,07339700
0,11653394;5,16006900
0,12165394;5,07339700
0,12677394;5,07339700
0,13189394;5,07339700
0,13701394;5,07339700
0,14213394;5,07339700
0,14725394;5,07339700
0,15237394;5,07339700
0,15749394;5,07339700
0,16261394;5,07339700
0,16773394;5,07339700
0,17285394;5,07339700
0,17797394;5,07339700
0,18309394;5,07339700
0,18821394;5,07339700
0,19333394;5,07339700
0,19845394;5,07339700
0,20357394;5,07339700
0,20869394;5,07339700
0,21381394;5,07339700
0,21893394;5,07339700
0,22405394;5,07339700
0,22917394;5,07339700
0,23429394;5,07339700
0,23941394;5,07339700
0,24453394;5,07339700
0,24965394;5,07339700
0,25477394;5,07339700
0,25989394;5,07339700
0,26501394;5,07339700
0,27013394;5,07339700
0,27525394;5,07339700
0,28037394;5,07339700
0,28549394;5,07339700
0,29061394;5,07339700
0,29573394;5,07339700
0,30085394;5,07339700
0,30597394;5,07339700
0,31109394;5,07339700
0,31621394;5,07339700
0,32133394;5,07339700
0,32645394;5,07339700
0,33157394;5,07339700
0,33669394;5,07339700
0,34181394;5,07339700
0,34693394;5,07339700
0,35205394;5,07339700
0,35717394;5,07339700
0,36229394;5,07339700
0,36741394;5,07339700
0,37253394;5,07339700
0,37765394;5,07339700
0,38277394;5,07339700
0,38789394;5,07339700
0,39301394;5,07339700
0,39813394;5,07339700
0,40325394;5,07339700
0,40837394;5,07339700
0,41349394;5,07339700
0,41861394;5,07339700
0,42373394;5,07339700
0,42885394;5,07339700
0,43397394;5,07339700
0,43909394;5,07339700
0,44421394;5,07339700
0,44933394;5,07339700
0,45445394;5,07339700
0,45957394;5,16006900
0,46469394;5,07339700
0,46981394;5,07339700
0,47493394;5,07339700
0,48005394;5,07339700
0,48517394;5,07339700
0,49029394;5,07339700
0,49541394;5,07339700
0,50053394;5,07339700
0,50565394;5,07339700
0,51077394;5,07339700
0,51589394;5,07339700
0,52101394;5,07339700
0,52613394;5,07339700
0,53125394;5,07339700
0,53637394;5,07339700
0,54149394;5,07339700
0,54661394;5,07339700
0,55173394;5,07339700
0,55685394;5,07339700
0,56197394;5,07339700
0,56709394;5,07339700
0,57221394;4,98641900
0,57733394;5,07339700
0,58245394;5,07339700
0,58757394;5,07339700
0,59269394;5,07339700
0,59781394;5,07339700
0,60293394;5,07339700
0,60805394;4,98641900
0,61317394;5,07339700
0,61829394;5,07339700
0,62341394;5,07339700
0,62853394;5,07339700
0,63365394;5,07339700
0,63877394;5,07339700
0,64389394;4,98641900
0,64901394;5,07339700
0,65413394;5,07339700
0,65925394;4,98641900
0,66437394;5,07339700
0,66949394;5,07339700
0,67461394;5,07339700
0,67973394;5,07339700
0,68485394;5,07339700
0,68997394;5,07339700
0,69509394;5,07339700
0,70021394;5,07339700
0,70533394;5,07339700
0,71045393;5,07339700
0,71557393;5,07339700
0,72069393;5,07339700
0,72581393;5,07339700
0,73093393;5,07339700
0,73605393;5,07339700
0,74117393;5,07339700
0,74629393;5,07339700
0,75141393;5,07339700
0,75653393;5,07339700
0,76165393;5,07339700
0,76677393;5,07339700
0,77189393;5,07339700
0,77701393;5,07339700
0,78213393;5,07339700
0,78725393;5,07339700
0,79237393;5,07339700
0,79749393;5,07339700
0,80261393;5,07339700
0,80773393;5,07339700
0,81285393;5,07339700
0,81797393;5,07339700
0,82309393;4,98641900
0,82821393;5,07339700
0,83333393;5,07339700
0,83845393;4,98641900
0,84357393;5,07339700
0,84869393;5,07339700
0,85381393;5,07339700
0,85893393;4,98641900
0,86405393;5,07339700
0,86917393;5,07339700
0,87429393;5,07339700
0,87941393;5,07339700
0,88453393;5,07339700
0,88965393;5,07339700
0,89477393;5,07339700
0,89989393;5,07339700
0,90501393;5,07339700
0,91013393;5,07339700
0,91525393;5,07339700
0,92037393;5,07339700
0,92549393;5,07339700
0,93061393;5,07339700
0,93573393;5,07339700
0,94085393;5,07339700
0,94597393;5,07339700
0,95109393;5,07339700
0,95621393;5,07339700
0,96133393;5,07339700
0,96645393;5,07339700
0,97157393;5,07339700
0,97669393;5,07339700
0,98181393;5,07339700
0,98693393;5,07339700
0,99205393;5,07339700
0,99717393;5,07339700
1,00229393;5,07339700
1,00741393;5,07339700
1,01253393;5,07339700
1,01765393;5,07339700
1,02277393;4,81246400
1,02789393;0,03326517
1,03301393;0,03326517
1,03813393;0,03326517
1,04325393;0,03326517
1,04837393;0,03326517
1,05349393;0,03326517
1,05861393;0,03326517
1,06373393;0,03326517
1,06885393;0,03326517
1,07397393;0,03326517
1,07909393;0,03326517
1,08421393;0,03326517
1,08933393;0,03326517
1,09445393;0,03326517
1,09957393;0,03326517
1,10469393;0,03326517
1,10981393;0,03326517
1,11493393;0,03326517
1,12005393;0,03326517
1,12517393;0,03326517
1,13029393;-0,05371258
1,13541393;0,03326517
1,14053393;0,03326517
1,14565393;0,03326517
1,15077393;0,03326517
1,15589393;-0,05371258
1,16101393;0,03326517
1,16613393;0,03326517
1,17125393;0,03326517
1,17637393;0,03326517
1,18149393;0,03326517
1,18661393;0,03326517
1,19173393;0,03326517
1,19685393;0,03326517
1,20197393;0,03326517
1,20709393;0,03326517
1,21221393;0,03326517
1,21733393;0,03326517
1,22245393;0,03326517
1,22757393;0,03326517
1,23269393;0,03326517
1,23781393;0,03326517
1,24293393;0,03326517
1,24805393;0,03326517
1,25317393;0,03326517
1,25829393;0,03326517
1,26341393;0,03326517
1,26853393;0,03326517
1,27365393;0,03326517
1,27877393;0,03326517
1,28389393;0,03326517
1,28901393;0,03326517
1,29413393;0,03326517
1,29925393;0,03326517
1,30437393;0,03326517
1,30949393;0,03326517
1,31461393;0,03326517
1,31973393;0,03326517
1,32485393;0,03326517
1,32997393;0,03326517
1,33509393;0,03326517
1,34021393;0,03326517
1,34533393;-0,05371258
1,35045393;0,03326517
1,35557393;0,03326517
1,36069393;0,03326517
1,36581393;0,03326517
1,37093393;0,03326517
1,37605393;0,03326517
1,38117393;0,03326517
1,38629393;0,03326517
1,39141393;0,03326517
1,39653393;0,03326517
1,40165393;0,03326517
1,40677393;0,03326517
1,41189393;0,03326517
1,41701393;0,03326517
1,42213393;0,03326517
1,42725393;0,03326517
1,43237393;0,03326517
1,43749393;0,03326517
1,44261393;0,03326517
1,44773393;0,03326517
1,45285393;0,03326517
1,45797393;-0,05371258
1,46309393;0,03326517
1,46821393;0,03326517
1,47333393;0,03326517
1,47845393;-0,05371258
1,48357393;0,03326517
1,48869393;0,03326517
1,49381393;0,03326517
1,49893393;0,03326517
1,50405393;0,03326517
1,50917393;0,03326517
1,51429393;-0,05371258
1,51941393;0,03326517
1,52453393;0,03326517
1,52965393;0,03326517
1,53477393;0,03326517
1,53989393;-0,05371258
1,54501393;0,03326517
1,55013393;0,03326517
1,55525393;0,03326517
1,56037393;-0,05371258
1,56549393;0,03326517
1,57061393;0,03326517
1,57573393;0,03326517
1,58085393;0,03326517
1,58597393;0,03326517
1,59109393;0,03326517
1,59621393;0,03326517
1,60133393;0,03326517
1,60645393;0,03326517
1,61157393;0,03326517
1,61669393;0,03326517
1,62181393;0,03326517
1,62693393;0,03326517
1,63205393;0,03326517
1,63717393;0,03326517
1,64229393;0,03326517
1,64741393;-0,05371258
1,65253393;0,03326517
1,65765393;0,03326517
1,66277393;-0,05371258
1,66789393;0,03326517
1,67301393;0,03326517
1,67813393;0,03326517
1,68325393;0,03326517
1,68837393;0,03326517
1,69349393;0,03326517
1,69861393;-0,05371258
1,70373393;0,03326517
1,70885393;0,03326517
1,71397393;0,03326517
1,71909393;0,03326517
1,72421393;-0,05371258
1,72933393;0,03326517
1,73445393;0,03326517
1,73957393;0,03326517
1,74469393;0,03326517
1,74981393;0,03326517
1,75493393;0,03326517
1,76005393;-0,05371258
1,76517393;0,03326517
1,77029393;0,03326517
1,77541393;0,03326517
1,78053393;-0,05371258
1,78565393;0,03326517
1,79077393;0,03326517
1,79589393;0,03326517
1,80101393;0,03326517
1,80613393;0,03326517
1,81125393;0,03326517
1,81637393;-0,05371258
1,82149393;0,03326517
1,82661393;0,03326517
1,83173393;0,03326517
1,83685393;-0,05371258
1,84197393;-0,05371258
1,84709393;0,03326517
1,85221393;0,03326517
1,85733393;-0,05371258
1,86245393;0,03326517
1,86757393;0,03326517
1,87269393;0,03326517
1,87781393;0,03326517
1,88293393;0,03326517
1,88805393;0,03326517
1,89317393;-0,05371258
1,89829393;-0,05371258
1,90341393;0,03326517
1,90853393;-0,05371258
1,91365393;0,03326517
1,91877393;0,03326517
1,92389393;0,03326517
1,92901393;0,03326517
1,93413393;0,03326517
1,93925393;0,03326517
1,94437393;-0,05371258
1,94949393;0,03326517
1,95461393;0,03326517
1,95973393;-0,05371258
1,96485393;0,03326517
1,96997393;0,03326517
1,97509393;-0,05371258
1,98021393;0,03326517
1,98533393;0,03326517
1,99045393;-0,05371258
1,99557393;0,03326517
2,00069393;0,03326517
2,00581393;0,03326517
2,01093393;0,03326517
2,01605393;4,98641900
2,02117393;4,46485800
2,02629393;5,07339700
2,03141393;5,07339700
2,03653393;5,07339700
2,04165393;5,07339700
2,04677393;5,07339700
2,05189393;5,07339700
2,05701393;4,98641900
2,06213393;5,07339700
2,06725393;5,07339700
2,07237393;5,07339700
2,07749393;5,07339700
2,08261393;5,07339700
2,08773393;5,07339700
2,09285393;5,07339700
2,09797393;5,07339700
2,10309393;5,07339700
2,10821393;5,07339700
2,11333393;5,07339700
2,11845393;5,07339700
2,12357393;5,07339700
2,12869393;5,07339700
2,13381393;5,07339700
2,13893393;5,07339700
2,14405393;5,07339700
2,14917393;5,07339700
2,15429393;5,07339700
2,15941393;5,07339700
2,16453393;5,07339700
2,16965393;5,07339700
2,17477393;5,07339700
2,17989393;5,07339700
2,18501393;5,07339700
2,19013393;5,07339700
2,19525393;5,07339700
2,20037393;5,07339700
2,20549393;5,07339700
2,21061393;5,07339700
2,21573393;5,07339700
2,22085393;5,07339700
2,22597393;5,07339700
2,23109393;5,07339700
2,23621393;5,07339700
2,24133393;5,07339700
2,24645393;5,07339700
2,25157393;5,07339700
2,25669393;5,07339700
2,26181393;5,07339700
2,26693393;5,07339700
2,27205393;5,07339700
2,27717393;5,07339700
2,28229393;4,98641900
2,28741393;5,07339700
2,29253393;5,07339700
2,29765393;5,07339700
2,30277393;5,07339700
2,30789393;5,07339700
2,31301393;5,07339700
2,31813393;5,07339700
2,32325393;5,07339700
2,32837393;5,07339700
2,33349393;5,07339700
2,33861393;5,07339700
2,34373393;5,07339700
2,34885393;5,07339700
2,35397392;5,07339700
2,35909392;5,07339700
2,36421392;5,07339700
2,36933392;5,07339700
2,37445392;5,07339700
2,37957392;5,07339700
2,38469392;5,07339700
2,38981392;5,07339700
2,39493392;5,07339700
2,40005392;5,07339700
2,40517392;5,07339700
2,41029392;5,07339700
2,41541392;5,07339700
2,42053392;5,07339700
2,42565392;5,07339700
2,43077392;5,07339700
2,43589392;5,07339700
2,44101392;5,07339700
2,44613392;5,07339700
2,45125392;5,07339700
2,45637392;5,07339700
2,46149392;5,07339700
2,46661392;4,98641900
2,47173392;5,07339700
2,47685392;5,07339700
2,48197392;5,07339700
2,48709392;5,07339700
2,49221392;5,07339700
2,49733392;5,07339700
2,50245392;5,07339700
2,50757392;5,07339700
2,51269392;5,07339700
2,51781392;5,07339700
2,52293392;5,07339700
2,52805392;5,07339700
2,53317392;5,07339700
2,53829392;5,16006900
2,54341392;5,07339700
2,54853392;5,07339700
2,55365392;5,07339700
2,55877392;5,07339700
2,56389392;5,07339700
2,56901392;5,07339700
2,57413392;5,07339700
2,57925392;5,07339700
2,58437392;5,07339700
2,58949392;5,07339700
2,59461392;5,07339700
2,59973392;5,07339700
2,60485392;5,07339700
2,60997392;5,07339700
2,61509392;5,07339700
2,62021392;5,07339700
2,62533392;5,07339700
2,63045392;5,07339700
2,63557392;5,07339700
2,64069392;5,07339700
2,64581392;5,07339700
2,65093392;5,07339700
2,65605392;5,07339700
2,66117392;5,07339700
2,66629392;5,07339700
2,67141392;5,07339700
2,67653392;5,07339700
2,68165392;5,07339700
2,68677392;5,07339700
2,69189392;5,07339700
2,69701392;5,07339700
2,70213392;4,98641900
2,70725392;5,07339700
2,71237392;5,07339700
2,71749392;5,07339700
2,72261392;5,07339700
2,72773392;5,07339700
2,73285392;4,98641900
2,73797392;5,07339700
2,74309392;5,07339700
2,74821392;5,07339700
2,75333392;5,07339700
2,75845392;5,07339700
2,76357392;5,07339700
2,76869392;5,07339700
2,77381392;5,07339700
2,77893392;5,07339700
2,78405392;5,07339700
2,78917392;5,07339700
2,79429392;5,07339700
2,79941392;5,07339700
2,80453392;5,07339700
2,80965392;5,07339700
2,81477392;5,07339700
2,81989392;5,07339700
2,82501392;5,07339700
2,83013392;5,07339700
2,83525392;5,07339700
2,84037392;5,07339700
2,84549392;5,07339700
2,85061392;5,07339700
2,85573392;5,07339700
2,86085392;5,07339700
2,86597392;5,07339700
2,87109392;5,07339700
2,87621392;5,07339700
2,88133392;5,07339700
2,88645392;5,07339700
2,89157392;5,07339700
2,89669392;5,07339700
2,90181392;5,07339700
2,90693392;5,07339700
2,91205392;5,07339700
2,91717392;5,07339700
2,92229392;5,07339700
2,92741392;5,07339700
2,93253392;5,07339700
2,93765392;5,16006900
2,94277392;5,07339700
2,94789392;5,07339700
2,95301392;5,07339700
2,95813392;5,07339700
2,96325392;5,07339700
2,96837392;5,07339700
2,97349392;5,07339700
2,97861392;5,07339700
2,98373392;5,07339700
2,98885392;5,07339700
2,99397392;5,07339700
2,99909392;5,07339700
3,00421392;5,07339700
3,00933392;2,37922300
3,01445392;0,03326517
3,01957392;0,03326517
3,02469392;0,03326517
3,02981392;0,03326517
3,03493392;0,03326517
3,04005392;0,03326517
3,04517392;-0,05371258
3,05029392;0,03326517
3,05541392;-0,05371258
3,06053392;0,03326517
3,06565392;0,03326517
3,07077392;0,03326517
3,07589392;-0,05371258
3,08101392;0,03326517
3,08613392;0,03326517
3,09125392;0,03326517
3,09637392;0,03326517
3,10149392;0,03326517
3,10661392;0,03326517
3,11173392;0,03326517
3,11685392;0,03326517
3,12197392;0,03326517
3,12709392;0,03326517
3,13221392;0,03326517
3,13733392;0,03326517
3,14245392;-0,05371258
3,14757392;0,03326517
3,15269392;0,03326517
3,15781392;0,03326517
3,16293392;0,03326517
3,16805392;0,03326517
3,17317392;0,03326517
3,17829392;-0,05371258
3,18341392;0,03326517
3,18853392;0,03326517
3,19365392;0,03326517
3,19877392;0,03326517
3,20389392;0,03326517
3,20901392;0,03326517
3,21413392;0,03326517
3,21925392;0,03326517
3,22437392;0,03326517
3,22949392;0,03326517
3,23461392;0,03326517
3,23973392;-0,05371258
3,24485392;0,03326517
3,24997392;0,03326517
3,25509392;0,03326517
3,26021392;0,03326517
3,26533392;0,03326517
3,27045392;0,03326517
3,27557392;0,03326517
3,28069392;-0,05371258
3,28581392;0,03326517
3,29093392;0,03326517
3,29605392;0,03326517
3,30117392;-0,05371258
3,30629392;0,03326517
3,31141392;0,03326517
3,31653392;0,03326517
3,32165392;0,03326517
3,32677392;-0,05371258
3,33189392;0,03326517
3,33701392;0,03326517
3,34213392;0,03326517
3,34725392;0,03326517
3,35237392;0,03326517
3,35749392;0,03326517
3,36261392;0,03326517
3,36773392;0,03326517
3,37285392;0,03326517
3,37797392;-0,05371258
3,38309392;0,03326517
3,38821392;0,03326517
3,39333392;0,03326517
3,39845392;-0,05371258
3,40357392;0,03326517
3,40869392;0,03326517
3,41381392;0,03326517
3,41893392;0,03326517
3,42405392;0,03326517
3,42917392;-0,05371258
3,43429392;0,03326517
3,43941392;0,03326517
3,44453392;0,03326517
3,44965392;0,03326517
3,45477392;0,03326517
3,45989392;0,03326517
3,46501392;0,03326517
3,47013392;0,03326517
3,47525392;0,03326517
3,48037392;0,03326517
3,48549392;0,03326517
3,49061392;0,03326517
3,49573392;0,03326517
3,50085392;0,03326517
3,50597392;-0,05371258
3,51109392;0,03326517
3,51621392;0,03326517
3,52133392;0,03326517
3,52645392;0,03326517
3,53157392;0,03326517
3,53669392;0,03326517
3,54181392;0,03326517
3,54693392;0,03326517
3,55205392;0,03326517
3,55717392;0,03326517
3,56229392;0,03326517
3,56741392;0,03326517
3,57253392;0,03326517
3,57765392;-0,05371258
3,58277392;0,03326517
3,58789392;0,03326517
3,59301392;0,03326517
3,59813392;0,03326517
3,60325392;-0,05371258
3,60837392;0,03326517
3,61349392;0,03326517
3,61861392;0,03326517
3,62373392;0,03326517
3,62885392;0,03326517
3,63397392;0,03326517
3,63909392;0,03326517
3,64421392;0,03326517
3,64933392;0,03326517
3,65445392;0,03326517
3,65957392;0,03326517
3,66469392;-0,05371258
3,66981392;0,03326517
3,67493392;-0,05371258
3,68005392;0,03326517
3,68517392;0,03326517
3,69029392;0,03326517
3,69541392;0,03326517
3,70053392;-0,05371258
3,70565392;0,03326517
3,71077392;0,03326517
3,71589392;-0,05371258
3,72101392;0,03326517
3,72613392;0,03326517
3,73125392;0,03326517
3,73637392;0,03326517
3,74149392;0,03326517
3,74661392;0,03326517
3,75173392;0,03326517
3,75685392;0,03326517
3,76197392;0,03326517
3,76709392;0,03326517
3,77221392;0,03326517
3,77733392;-0,05371258
3,78245392;0,03326517
3,78757392;0,03326517
3,79269392;0,03326517
3,79781392;0,03326517
3,80293392;0,03326517
3,80805392;-0,05371258
3,81317392;0,03326517
3,81829392;0,03326517
3,82341392;0,03326517
3,82853392;0,03326517
3,83365392;0,03326517
3,83877392;0,03326517
3,84389392;-0,05371258
3,84901392;0,03326517
3,85413392;0,03326517
3,85925392;0,03326517
3,86437392;-0,05371258
3,86949392;0,03326517
3,87461392;0,03326517
3,87973392;0,03326517
3,88485392;0,03326517
3,88997392;-0,05371258
3,89509392;0,03326517
3,90021392;0,03326517
3,90533392;0,03326517
3,91045392;0,03326517
3,91557392;0,03326517
3,92069392;0,03326517
3,92581392;0,03326517
3,93093392;0,03326517
3,93605392;0,03326517
3,94117392;-0,05371258
3,94629392;0,03326517
3,95141392;0,03326517
3,95653392;0,03326517
3,96165392;0,03326517
3,96677392;0,03326517
3,97189392;0,03326517
3,97701392;0,03326517
3,98213392;0,03326517
3,98725392;-0,05371258
3,99237392;0,03326517
3,99749391;0,03326517
4,00261391;0,03326517
4,00773391;-0,05371258
4,01285391;0,03326517
4,01797391;0,03326517
4,02309391;0,03326517
4,02821391;0,03326517
4,03333391;0,03326517
4,03845391;0,03326517
4,04357391;0,03326517
4,04869391;0,03326517
4,05381391;0,03326517
4,05893391;0,03326517
4,06405391;0,03326517
4,06917391;0,03326517
4,07429391;0,03326517
4,07941391;0,03326517
4,08453391;0,03326517
4,08965391;0,03326517
4,09477391;0,03326517
4,09989391;0,03326517
4,10501391;0,03326517
4,11013391;0,03326517
4,11525391;-0,05371258
4,12037391;0,03326517
4,12549391;-0,05371258
4,13061391;-0,05371258
4,13573391;0,03326517
4,14085391;0,03326517
4,14597391;0,03326517
4,15109391;0,03326517
4,15621391;0,03326517
4,16133391;0,03326517
4,16645391;0,03326517
4,17157391;0,03326517
4,17669391;0,03326517
4,18181391;0,03326517
4,18693391;0,03326517
4,19205391;0,03326517
4,19717391;0,03326517
4,20229391;0,03326517
4,20741391;0,03326517
4,21253391;0,03326517
4,21765391;0,03326517
4,22277391;0,03326517
4,22789391;0,03326517
4,23301391;0,03326517
4,23813391;0,03326517
4,24325391;0,03326517
4,24837391;0,03326517
4,25349391;0,03326517
4,25861391;0,03326517
4,26373391;0,03326517
4,26885391;0,03326517
4,27397391;0,03326517
4,27909391;0,03326517
4,28421391;0,03326517
4,28933391;0,03326517
4,29445391;0,03326517
4,29957391;0,03326517
4,30469391;0,03326517
4,30981391;0,03326517
4,31493391;0,03326517
4,32005391;0,03326517
4,32517391;0,03326517
4,33029391;0,03326517
4,33541391;0,03326517
4,34053391;0,03326517
4,34565391;0,03326517
4,35077391;-0,05371258
4,35589391;0,03326517
4,36101391;0,03326517
4,36613391;0,03326517
4,37125391;0,03326517
4,37637391;0,03326517
4,38149391;0,03326517
4,38661391;0,03326517
4,39173391;-0,05371258
4,39685391;0,03326517
4,40197391;0,03326517
4,40709391;0,03326517
4,41221391;0,03326517
4,41733391;0,03326517
4,42245391;0,03326517
4,42757391;0,03326517
4,43269391;0,03326517
4,43781391;0,03326517
4,44293391;0,03326517
4,44805391;0,03326517
4,45317391;0,03326517
4,45829391;0,03326517
4,46341391;0,03326517
4,46853391;0,03326517
4,47365391;0,03326517
4,47877391;0,03326517
4,48389391;0,03326517
4,48901391;0,03326517
4,49413391;0,03326517
4,49925391;0,03326517
4,50437391;0,03326517
4,50949391;0,03326517
4,51461391;-0,05371258
4,51973391;0,03326517
4,52485391;0,03326517
4,52997391;0,03326517
4,53509391;0,03326517
4,54021391;0,03326517
4,54533391;0,03326517
4,55045391;0,03326517
4,55557391;0,03326517
4,56069391;0,03326517
4,56581391;0,03326517
4,57093391;0,03326517
4,57605391;-0,05371258
4,58117391;0,03326517
4,58629391;0,03326517
4,59141391;0,03326517
4,59653391;0,03326517
4,60165391;0,03326517
4,60677391;0,03326517
4,61189391;-0,05371258
4,61701391;0,03326517
4,62213391;0,03326517
4,62725391;0,03326517
4,63237391;0,03326517
4,63749391;0,03326517
4,64261391;0,03326517
4,64773391;0,03326517
4,65285391;0,03326517
4,65797391;0,03326517
4,66309391;0,03326517
4,66821391;-0,05371258
4,67333391;0,03326517
4,67845391;0,03326517
4,68357391;0,03326517
4,68869391;0,03326517
4,69381391;0,03326517
4,69893391;0,03326517
4,70405391;0,03326517
4,70917391;0,03326517
4,71429391;0,03326517
4,71941391;0,03326517
4,72453391;-0,05371258
4,72965391;-0,05371258
4,73477391;-0,05371258
4,73989391;0,03326517
4,74501391;0,03326517
4,75013391;-0,05371258
4,75525391;0,03326517
4,76037391;0,03326517
4,76549391;0,03326517
4,77061391;0,03326517
4,77573391;0,03326517
4,78085391;-0,05371258
4,78597391;0,03326517
4,79109391;0,03326517
4,79621391;0,03326517
4,80133391;-0,05371258
4,80645391;0,03326517
4,81157391;0,03326517
4,81669391;0,03326517
4,82181391;0,03326517
4,82693391;0,03326517
4,83205391;0,03326517
4,83717391;-0,05371258
4,84229391;0,03326517
4,84741391;-0,05371258
4,85253391;-0,05371258
4,85765391;0,03326517
4,86277391;0,03326517
4,86789391;0,03326517
4,87301391;0,03326517
4,87813391;0,03326517
4,88325391;0,03326517
4,88837391;0,03326517
4,89349391;-0,05371258
4,89861391;0,03326517
4,90373391;0,03326517
4,90885391;0,03326517
4,91397391;0,03326517
4,91909391;0,03326517
4,92421391;0,03326517
4,92933391;0,03326517
4,93445391;0,03326517
4,93957391;0,03326517
4,94469391;0,03326517
4,94981391;0,03326517
4,95493391;0,03326517
4,96005391;0,03326517
4,96517391;-0,05371258
4,97029391;0,03326517
4,97541391;0,03326517
4,98053391;0,03326517
4,98565391;0,03326517
4,99077391;0,03326517
4,99589391;0,12024290
5,00101391;0,12024290
5,00613391;0,03326517
5,01125391;0,03326517
5,01637391;0,03326517
5,02149391;0,03326517
5,02661391;0,03326517
5,03173391;0,03326517
5,03685391;0,03326517
5,04197391;0,03326517
5,04709391;0,03326517
5,05221391;0,03326517
5,05733391;0,03326517
5,06245391;0,03326517
5,06757391;0,03326517
5,07269391;0,03326517
5,07781391;0,03326517
5,08293391;0,03326517
5,08805391;0,03326517
5,09317391;0,03326517
5,09829391;0,03326517
5,10341391;0,03326517
5,10853391;0,03326517
5,11365391;0,03326517
5,11877391;0,03326517
5,12389391;0,03326517
5,12901391;-0,05371258
5,13413391;0,03326517
5,13925391;0,03326517
5,14437391;0,03326517
5,14949391;0,03326517
5,15461391;0,03326517
5,15973391;0,03326517
5,16485391;0,03326517
5,16997391;0,03326517
5,17509391;0,03326517
5,18021391;0,03326517
5,18533391;0,03326517
5,19045391;0,03326517
5,19557391;0,03326517
5,20069391;-0,05371258
5,20581391;0,03326517
5,21093391;0,03326517
5,21605391;0,03326517
5,22117391;0,03326517
5,22629391;0,03326517
5,23141391;-0,05371258
5,23653391;0,03326517
5,24165391;0,03326517
5,24677391;0,03326517
5,25189391;0,03326517
5,25701391;0,03326517
5,26213391;0,03326517
5,26725391;0,03326517
5,27237391;0,03326517
5,27749391;-0,05371258
5,28261391;0,03326517
5,28773391;-0,05371258
5,29285391;-0,05371258
5,29797391;0,03326517
5,30309391;-0,05371258
5,30821391;0,03326517
5,31333391;0,03326517
5,31845391;0,03326517
5,32357391;0,03326517
5,32869391;0,03326517
5,33381391;0,03326517
5,33893391;0,03326517
5,34405391;0,03326517
5,34917391;-0,05371258
5,35429391;-0,05371258
5,35941391;0,03326517
5,36453391;0,03326517
5,36965391;0,03326517
5,37477391;0,03326517
5,37989391;0,03326517
5,38501391;0,03326517
5,39013391;0,03326517
5,39525391;0,03326517
5,40037391;0,03326517
5,40549391;-0,05371258
5,41061391;0,03326517
5,41573391;0,03326517
5,42085391;0,03326517
5,42597391;0,03326517
5,43109391;0,03326517
5,43621391;-0,05371258
5,44133391;-0,05371258
5,44645391;0,03326517
5,45157391;0,03326517
5,45669391;0,03326517
5,46181391;0,03326517
5,46693391;0,03326517
5,47205391;0,03326517
5,47717391;0,03326517
5,48229391;0,03326517
5,48741391;0,03326517
5,49253391;0,03326517
5,49765391;0,03326517
5,50277391;0,03326517
5,50789391;0,03326517
5,51301391;0,03326517
5,51813391;0,03326517
5,52325391;0,03326517
5,52837391;0,03326517
5,53349391;0,03326517
5,53861391;0,03326517
5,54373391;0,03326517
5,54885391;-0,05371258
5,55397391;0,03326517
5,55909391;0,03326517
5,56421391;-0,05371258
5,56933391;-0,05371258
5,57445391;0,03326517
5,57957391;-0,05371258
5,58469391;0,03326517
5,58981391;0,03326517
5,59493391;0,03326517
5,60005391;0,03326517
5,60517391;0,03326517
5,61029391;0,03326517
5,61541391;0,03326517
5,62053391;0,03326517
5,62565391;0,03326517
5,63077391;0,03326517
5,63589391;-0,05371258
5,64101391;0,03326517
5,64613390;0,03326517
5,65125390;0,03326517
5,65637390;-0,05371258
5,66149390;0,03326517
5,66661390;0,03326517
5,67173390;0,03326517
5,67685390;0,03326517
5,68197390;0,03326517
5,68709390;0,03326517
5,69221390;0,03326517
5,69733390;-0,05371258
5,70245390;0,03326517
5,70757390;-0,05371258
5,71269390;0,03326517
5,71781390;0,03326517
5,72293390;0,03326517
5,72805390;0,03326517
5,73317390;0,03326517
5,73829390;0,03326517
5,74341390;0,03326517
5,74853390;-0,05371258
5,75365390;0,03326517
5,75877390;0,03326517
5,76389390;0,03326517
5,76901390;0,03326517
5,77413390;0,03326517
5,77925390;0,03326517
5,78437390;-0,05371258
5,78949390;0,03326517
5,79461390;0,03326517
5,79973390;0,03326517
5,80485390;0,03326517
5,80997390;0,03326517
5,81509390;0,03326517
5,82021390;-0,05371258
5,82533390;-0,05371258
5,83045390;0,03326517
5,83557390;0,03326517
5,84069390;0,03326517
5,84581390;0,03326517
5,85093390;0,03326517
5,85605390;0,03326517
5,86117390;0,03326517
5,86629390;0,03326517
5,87141390;0,03326517
5,87653390;0,03326517
5,88165390;0,03326517
5,88677390;0,03326517
5,89189390;-0,05371258
5,89701390;0,03326517
5,90213390;0,03326517
5,90725390;0,03326517
5,91237390;0,03326517
5,91749390;-0,05371258
5,92261390;0,03326517
5,92773390;0,03326517
5,93285390;0,03326517
5,93797390;0,03326517
5,94309390;0,03326517
5,94821390;0,03326517
5,95333390;-0,05371258
5,95845390;0,03326517
5,96357390;-0,05371258
5,96869390;0,03326517
5,97381390;0,03326517
5,97893390;0,03326517
5,98405390;0,03326517
5,98917390;0,03326517
5,99429390;0,03326517
5,99941390;0,03326517
6,00453390;0,03326517
6,00965390;0,03326517
6,01477390;0,03326517
6,01989390;0,03326517
6,02501390;0,03326517
6,03013390;0,03326517
6,03525390;0,03326517
6,04037390;0,03326517
6,04549390;0,03326517
6,05061390;0,03326517
6,05573390;0,03326517
6,06085390;0,03326517
6,06597390;-0,05371258
6,07109390;0,03326517
6,07621390;0,03326517
6,08133390;-0,05371258
6,08645390;0,03326517
6,09157390;0,03326517
6,09669390;0,03326517
6,10181390;0,03326517
6,10693390;0,03326517
6,11205390;0,03326517
6,11717390;0,03326517
6,12229390;0,03326517
6,12741390;0,03326517
6,13253390;0,03326517
6,13765390;0,03326517
6,14277390;0,03326517
6,14789390;0,03326517
6,15301390;0,03326517
6,15813390;-0,05371258
6,16325390;0,03326517
6,16837390;0,03326517
6,17349390;0,03326517
6,17861390;0,03326517
6,18373390;0,03326517
6,18885390;-0,05371258
6,19397390;0,03326517
6,19909390;0,03326517
6,20421390;-0,05371258
6,20933390;0,03326517
6,21445390;0,03326517
6,21957390;0,03326517
6,22469390;0,03326517
6,22981390;0,03326517
6,23493390;-0,05371258
6,24005390;0,03326517
6,24517390;0,03326517
6,25029390;-0,05371258
6,25541390;0,03326517
6,26053390;0,03326517
6,26565390;0,03326517
6,27077390;0,03326517
6,27589390;0,03326517
6,28101390;0,03326517
6,28613390;-0,05371258
6,29125390;0,03326517
6,29637390;0,03326517
6,30149390;0,03326517
6,30661390;0,03326517
6,31173390;0,03326517
6,31685390;-0,05371258
6,32197390;0,03326517
6,32709390;0,03326517
6,33221390;0,03326517
6,33733390;0,03326517
6,34245390;-0,05371258
6,34757390;0,03326517
6,35269390;0,03326517
6,35781390;0,03326517
6,36293390;0,03326517
6,36805390;0,03326517
6,37317390;-0,05371258
6,37829390;0,03326517
6,38341390;0,03326517
6,38853390;0,03326517
6,39365390;0,03326517
6,39877390;0,03326517
6,40389390;0,03326517
6,40901390;0,03326517
6,41413390;-0,05371258
6,41925390;0,03326517
6,42437390;0,03326517
6,42949390;-0,05371258
6,43461390;-0,05371258
6,43973390;0,03326517
6,44485390;0,03326517
6,44997390;-0,05371258
6,45509390;0,03326517
6,46021390;0,03326517
6,46533390;0,03326517
6,47045390;0,03326517
6,47557390;0,03326517
6,48069390;0,03326517
6,48581390;0,03326517
6,49093390;0,03326517
6,49605390;0,03326517
6,50117390;0,03326517
6,50629390;0,03326517
6,51141390;0,03326517
6,51653390;0,03326517
6,52165390;0,03326517
6,52677390;0,03326517
6,53189390;0,03326517
6,53701390;0,03326517
6,54213390;-0,05371258
6,54725390;0,03326517
6,55237390;0,03326517
6,55749390;0,03326517
6,56261390;0,03326517
6,56773390;0,03326517
6,57285390;0,03326517
6,57797390;0,03326517
6,58309390;0,03326517
6,58821390;-0,05371258
6,59333390;0,03326517
6,59845390;0,03326517
6,60357390;0,03326517
6,60869390;0,03326517
6,61381390;-0,05371258
6,61893390;-0,05371258
6,62405390;0,03326517
6,62917390;0,03326517
6,63429390;0,03326517
6,63941390;0,03326517
6,64453390;0,03326517
6,64965390;0,03326517
6,65477390;0,03326517
6,65989390;0,03326517
6,66501390;0,03326517
6,67013390;0,03326517
6,67525390;0,03326517
6,68037390;0,03326517
6,68549390;0,03326517
6,69061390;0,03326517
6,69573390;-0,05371258
6,70085390;0,03326517
6,70597390;0,03326517
6,71109390;0,03326517
6,71621390;0,03326517
6,72133390;0,03326517
6,72645390;0,03326517
6,73157390;-0,05371258
6,73669390;0,03326517
6,74181390;0,03326517
6,74693390;-0,05371258
6,75205390;0,03326517
6,75717390;0,03326517
6,76229390;0,03326517
6,76741390;0,03326517
6,77253390;0,03326517
6,77765390;0,03326517
6,78277390;0,03326517
6,78789390;0,03326517
6,79301390;0,03326517
6,79813390;0,03326517
6,80325390;0,03326517
6,80837390;0,03326517
6,81349390;0,03326517
6,81861390;0,03326517
6,82373390;0,03326517
6,82885390;0,03326517
6,83397390;-0,05371258
6,83909390;0,03326517
6,84421390;0,03326517
6,84933390;0,03326517
6,85445390;0,03326517
6,85957390;0,03326517
6,86469390;0,03326517
6,86981390;0,03326517
6,87493390;0,03326517
6,88005390;0,03326517
6,88517390;0,03326517
6,89029390;0,03326517
6,89541390;0,03326517
6,90053390;0,03326517
6,90565390;0,03326517
6,91077390;-0,05371258
6,91589390;0,03326517
6,92101390;0,03326517
6,92613390;0,03326517
6,93125390;0,03326517
6,93637390;-0,05371258
6,94149390;0,03326517
6,94661390;0,03326517
6,95173390;0,03326517
6,95685390;0,03326517
6,96197390;0,03326517
6,96709390;0,03326517
6,97221390;0,03326517
6,97733390;0,03326517
6,98245390;0,03326517
6,98757390;0,03326517
6,99269390;0,03326517
6,99781390;0,03326517
7,00293390;0,03326517
7,00805390;0,03326517
7,01317390;0,03326517
7,01829390;2,81380700
7,02341390;4,98641900
7,02853390;5,07339700
7,03365390;5,07339700
7,03877390;5,07339700
7,04389390;5,07339700
7,04901390;5,07339700
7,05413390;5,07339700
7,05925390;5,07339700
7,06437390;5,07339700
7,06949390;4,98641900
7,07461390;5,07339700
7,07973390;5,07339700
7,08485390;5,07339700
7,08997390;5,07339700
7,09509390;5,07339700
7,10021390;5,07339700
7,10533390;5,07339700
7,11045390;5,07339700
7,11557390;5,07339700
7,12069390;5,07339700
7,12581390;5,07339700
7,13093390;5,07339700
7,13605390;4,98641900
7,14117390;5,07339700
7,14629390;5,07339700
7,15141390;5,07339700
7,15653390;4,98641900
7,16165390;5,07339700
7,16677390;5,07339700
7,17189390;5,07339700
7,17701390;5,07339700
7,18213390;5,07339700
7,18725390;5,07339700
7,19237390;4,98641900
7,19749390;4,98641900
7,20261390;5,07339700
7,20773390;5,07339700
7,21285390;5,07339700
7,21797390;5,07339700
7,22309390;5,07339700
7,22821390;5,07339700
7,23333390;5,07339700
7,23845390;5,07339700
7,24357390;5,07339700
7,24869390;5,07339700
7,25381390;5,07339700
7,25893390;5,07339700
7,26405390;5,07339700
7,26917390;5,07339700
7,27429390;5,07339700
7,27941390;5,07339700
7,28453390;5,07339700
7,28965389;5,07339700
7,29477389;5,07339700
7,29989389;4,98641900
7,30501389;5,07339700
7,31013389;5,07339700
7,31525389;5,07339700
7,32037389;5,07339700
7,32549389;5,07339700
7,33061389;5,07339700
7,33573389;5,07339700
7,34085389;5,07339700
7,34597389;5,07339700
7,35109389;4,98641900
7,35621389;5,07339700
7,36133389;5,07339700
7,36645389;5,07339700
7,37157389;5,07339700
7,37669389;5,07339700
7,38181389;5,07339700
7,38693389;5,07339700
7,39205389;5,07339700
7,39717389;5,07339700
7,40229389;5,07339700
7,40741389;5,07339700
7,41253389;5,07339700
7,41765389;5,07339700
7,42277389;5,07339700
7,42789389;5,07339700
7,43301389;5,07339700
7,43813389;5,16006900
7,44325389;5,07339700
7,44837389;5,07339700
7,45349389;5,07339700
7,45861389;5,07339700
7,46373389;5,07339700
7,46885389;5,07339700
7,47397389;5,07339700
7,47909389;4,98641900
7,48421389;5,07339700
7,48933389;5,07339700
7,49445389;5,07339700
7,49957389;5,07339700
7,50469389;5,07339700
7,50981389;5,07339700
7,51493389;5,07339700
7,52005389;5,07339700
7,52517389;5,07339700
7,53029389;5,07339700
7,53541389;5,07339700
7,54053389;5,07339700
7,54565389;5,07339700
7,55077389;5,07339700
7,55589389;5,07339700
7,56101389;5,07339700
7,56613389;5,07339700
7,57125389;5,07339700
7,57637389;5,07339700
7,58149389;5,07339700
7,58661389;5,07339700
7,59173389;5,07339700
7,59685389;5,07339700
7,60197389;5,07339700
7,60709389;5,07339700
7,61221389;4,98641900
7,61733389;5,07339700
7,62245389;5,07339700
7,62757389;5,07339700
7,63269389;5,07339700
7,63781389;5,07339700
7,64293389;5,07339700
7,64805389;5,07339700
7,65317389;5,07339700
7,65829389;5,07339700
7,66341389;5,16006900
7,66853389;5,07339700
7,67365389;5,07339700
7,67877389;5,07339700
7,68389389;5,07339700
7,68901389;5,07339700
7,69413389;5,07339700
7,69925389;5,07339700
7,70437389;5,16006900
7,70949389;5,07339700
7,71461389;5,07339700
7,71973389;5,07339700
7,72485389;5,07339700
7,72997389;5,07339700
7,73509389;5,07339700
7,74021389;5,07339700
7,74533389;5,07339700
7,75045389;5,07339700
7,75557389;5,07339700
7,76069389;5,07339700
7,76581389;5,07339700
7,77093389;5,07339700
7,77605389;5,07339700
7,78117389;5,07339700
7,78629389;5,07339700
7,79141389;4,98641900
7,79653389;5,07339700
7,80165389;5,07339700
7,80677389;5,07339700
7,81189389;5,07339700
7,81701389;5,07339700
7,82213389;5,07339700
7,82725389;5,07339700
7,83237389;5,07339700
7,83749389;5,07339700
7,84261389;5,07339700
7,84773389;5,07339700
7,85285389;5,07339700
7,85797389;5,07339700
7,86309389;5,07339700
7,86821389;5,07339700
7,87333389;5,07339700
7,87845389;5,07339700
7,88357389;4,98641900
7,88869389;4,98641900
7,89381389;5,07339700
7,89893389;5,07339700
7,90405389;5,07339700
7,90917389;4,98641900
7,91429389;5,07339700
7,91941389;5,07339700
7,92453389;5,07339700
7,92965389;5,07339700
7,93477389;5,07339700
7,93989389;5,07339700
7,94501389;5,07339700
7,95013389;5,07339700
7,95525389;5,07339700
7,96037389;5,07339700
7,96549389;5,07339700
7,97061389;5,07339700
7,97573389;5,07339700
7,98085389;5,07339700
7,98597389;5,07339700
7,99109389;5,07339700
7,99621389;5,07339700
8,00133389;5,07339700
8,00645389;5,07339700
8,01157389;4,98641900
8,01669389;5,07339700
8,02181389;5,07339700
8,02693389;0,03326517
8,03205389;0,03326517
8,03717389;0,03326517
8,04229389;0,03326517
8,04741389;0,03326517
8,05253389;0,03326517
8,05765389;0,03326517
8,06277389;0,03326517
8,06789389;0,03326517
8,07301389;0,03326517
8,07813389;0,03326517
8,08325389;0,03326517
8,08837389;0,03326517
8,09349389;0,03326517
8,09861389;0,03326517
8,10373389;0,03326517
8,10885389;0,03326517
8,11397389;0,03326517
8,11909389;0,03326517
8,12421389;0,03326517
8,12933389;0,03326517
8,13445389;0,03326517
8,13957389;0,03326517
8,14469389;0,03326517
8,14981389;0,03326517
8,15493389;0,03326517
8,16005389;0,03326517
8,16517389;-0,05371258
8,17029389;0,03326517
8,17541389;0,03326517
8,18053389;0,03326517
8,18565389;0,03326517
8,19077389;0,03326517
8,19589389;0,03326517
8,20101389;0,03326517
8,20613389;-0,05371258
8,21125389;-0,05371258
8,21637389;0,03326517
8,22149389;-0,05371258
8,22661389;0,03326517
8,23173389;0,03326517
8,23685389;0,03326517
8,24197389;-0,05371258
8,24709389;0,03326517
8,25221389;0,03326517
8,25733389;0,03326517
8,26245389;0,03326517
8,26757389;0,03326517
8,27269389;0,03326517
8,27781389;0,03326517
8,28293389;0,03326517
8,28805389;-0,05371258
8,29317389;0,03326517
8,29829389;0,03326517
8,30341389;-0,05371258
8,30853389;-0,05371258
8,31365389;0,03326517
8,31877389;0,03326517
8,32389389;0,03326517
8,32901389;0,03326517
8,33413389;0,03326517
8,33925389;0,03326517
8,34437389;0,03326517
8,34949389;0,03326517
8,35461389;0,03326517
8,35973389;0,03326517
8,36485389;0,03326517
8,36997389;-0,05371258
8,37509389;-0,05371258
8,38021389;0,03326517
8,38533389;0,03326517
8,39045389;0,03326517
8,39557389;0,03326517
8,40069389;0,03326517
8,40581389;-0,05371258
8,41093389;-0,05371258
8,41605389;-0,05371258
8,42117389;0,03326517
8,42629389;0,03326517
8,43141389;0,03326517
8,43653389;0,03326517
8,44165389;0,03326517
8,44677389;0,03326517
8,45189389;0,03326517
8,45701389;0,03326517
8,46213389;-0,05371258
8,46725389;0,03326517
8,47237389;0,03326517
8,47749389;-0,05371258
8,48261389;0,03326517
8,48773389;0,03326517
8,49285389;0,03326517
8,49797389;0,03326517
8,50309389;0,03326517
8,50821389;0,03326517
8,51333389;-0,05371258
8,51845389;0,03326517
8,52357389;0,03326517
8,52869389;0,03326517
8,53381389;-0,05371258
8,53893389;0,03326517
8,54405389;0,03326517
8,54917389;0,03326517
8,55429389;0,03326517
8,55941389;0,03326517
8,56453389;0,03326517
8,56965389;0,03326517
8,57477389;0,03326517
8,57989389;0,03326517
8,58501389;0,03326517
8,59013389;0,03326517
8,59525389;0,03326517
8,60037389;-0,05371258
8,60549389;0,03326517
8,61061389;0,03326517
8,61573389;0,03326517
8,62085389;0,03326517
8,62597389;0,03326517
8,63109389;0,03326517
8,63621389;0,03326517
8,64133389;0,03326517
8,64645389;0,03326517
8,65157389;0,03326517
8,65669389;0,03326517
8,66181389;0,03326517
8,66693389;0,03326517
8,67205389;-0,05371258
8,67717389;0,03326517
8,68229389;0,03326517
8,68741389;0,03326517
8,69253389;0,03326517
8,69765389;0,03326517
8,70277389;0,03326517
8,70789389;0,03326517
8,71301389;0,03326517
8,71813389;0,03326517
8,72325389;0,03326517
8,72837389;0,03326517
8,73349389;0,03326517
8,73861389;-0,05371258
8,74373389;0,03326517
8,74885389;-0,05371258
8,75397389;0,03326517
8,75909389;0,03326517
8,76421389;0,03326517
8,76933389;0,03326517
8,77445389;-0,05371258
8,77957389;0,03326517
8,78469389;0,03326517
8,78981389;-0,05371258
8,79493389;0,03326517
8,80005389;0,03326517
8,80517389;-0,05371258
8,81029389;0,03326517
8,81541389;-0,05371258
8,82053389;0,03326517
8,82565389;0,03326517
8,83077389;-0,05371258
8,83589389;-0,05371258
8,84101389;0,03326517
8,84613389;0,03326517
8,85125389;0,03326517
8,85637389;0,03326517
8,86149389;0,03326517
8,86661389;-0,05371258
8,87173389;0,03326517
8,87685389;-0,05371258
8,88197389;-0,05371258
8,88709389;0,03326517
8,89221389;-0,05371258
8,89733389;0,03326517
8,90245389;-0,05371258
8,90757389;-0,05371258
8,91269389;-0,05371258
8,91781389;0,03326517
8,92293389;-0,05371258
8,92805389;0,03326517
8,93317388;0,03326517
8,93829388;0,03326517
8,94341388;0,03326517
8,94853388;0,03326517
8,95365388;0,03326517
8,95877388;-0,05371258
8,96389388;0,03326517
8,96901388;0,03326517
8,97413388;0,03326517
8,97925388;-0,05371258
8,98437388;0,03326517
8,98949388;0,03326517
8,99461388;-0,05371258
8,99973388;0,03326517
9,00485388;0,03326517
9,00997388;0,03326517
9,01509388;-0,05371258
9,02021388;4,98641900
9,02533388;4,98641900
9,03045388;5,07339700
9,03557388;5,07339700
9,04069388;5,07339700
9,04581388;5,07339700
9,05093388;5,07339700
9,05605388;5,07339700
9,06117388;5,07339700
9,06629388;5,07339700
9,07141388;5,07339700
9,07653388;5,07339700
9,08165388;5,07339700
9,08677388;5,07339700
9,09189388;5,07339700
9,09701388;4,98641900
9,10213388;5,07339700
9,10725388;5,07339700
9,11237388;5,07339700
9,11749388;5,07339700
9,12261388;5,07339700
9,12773388;5,07339700
9,13285388;4,98641900
9,13797388;5,07339700
9,14309388;4,98641900
9,14821388;5,07339700
9,15333388;5,07339700
9,15845388;5,07339700
9,16357388;5,07339700
9,16869388;5,07339700
9,17381388;5,07339700
9,17893388;5,07339700
9,18405388;5,07339700
9,18917388;5,07339700
9,19429388;5,07339700
9,19941388;5,07339700
9,20453388;5,07339700
9,20965388;5,07339700
9,21477388;5,07339700
9,21989388;5,07339700
9,22501388;5,07339700
9,23013388;5,07339700
9,23525388;4,98641900
9,24037388;5,07339700
9,24549388;5,07339700
9,25061388;5,07339700
9,25573388;5,07339700
9,26085388;5,07339700
9,26597388;5,07339700
9,27109388;5,07339700
9,27621388;5,07339700
9,28133388;5,07339700
9,28645388;5,07339700
9,29157388;5,07339700
9,29669388;5,07339700
9,30181388;4,98641900
9,30693388;5,07339700
9,31205388;5,07339700
9,31717388;5,07339700
9,32229388;5,07339700
9,32741388;5,07339700
9,33253388;5,07339700
9,33765388;5,07339700
9,34277388;5,07339700
9,34789388;5,07339700
9,35301388;5,07339700
9,35813388;5,07339700
9,36325388;5,07339700
9,36837388;5,07339700
9,37349388;5,07339700
9,37861388;5,07339700
9,38373388;5,07339700
9,38885388;5,07339700
9,39397388;5,07339700
9,39909388;5,07339700
9,40421388;5,07339700
9,40933388;5,07339700
9,41445388;5,07339700
9,41957388;5,07339700
9,42469388;5,07339700
9,42981388;5,07339700
9,43493388;5,07339700
9,44005388;5,07339700
9,44517388;5,07339700
9,45029388;5,07339700
9,45541388;5,07339700
9,46053388;5,07339700
9,46565388;5,07339700
9,47077388;5,07339700
9,47589388;5,07339700
9,48101388;5,07339700
9,48613388;5,07339700
9,49125388;5,07339700
9,49637388;5,07339700
9,50149388;5,07339700
9,50661388;5,07339700
9,51173388;5,07339700
9,51685388;5,07339700
9,52197388;5,07339700
9,52709388;5,07339700
9,53221388;5,07339700
9,53733388;5,07339700
9,54245388;5,07339700
9,54757388;5,07339700
9,55269388;5,07339700
9,55781388;5,07339700
9,56293388;5,07339700
9,56805388;5,07339700
9,57317388;5,07339700
9,57829388;5,07339700
9,58341388;5,07339700
9,58853388;5,07339700
9,59365388;5,07339700
9,59877388;5,07339700
9,60389388;5,07339700
9,60901388;5,07339700
9,61413388;5,07339700
9,61925388;5,07339700
9,62437388;5,07339700
9,62949388;5,07339700
9,63461388;5,07339700
9,63973388;5,07339700
9,64485388;5,07339700
9,64997388;5,07339700
9,65509388;5,07339700
9,66021388;5,07339700
9,66533388;5,07339700
9,67045388;5,07339700
9,67557388;5,07339700
9,68069388;5,07339700
9,68581388;5,07339700
9,69093388;5,07339700
9,69605388;5,07339700
9,70117388;4,98641900
9,70629388;5,07339700
9,71141388;5,07339700
9,71653388;5,07339700
9,72165388;5,07339700
9,72677388;5,07339700
9,73189388;5,07339700
9,73701388;5,07339700
9,74213388;5,07339700
9,74725388;5,07339700
9,75237388;5,07339700
9,75749388;5,07339700
9,76261388;5,07339700
9,76773388;5,07339700
9,77285388;5,07339700
9,77797388;5,07339700
9,78309388;5,07339700
9,78821388;5,07339700
9,79333388;5,07339700
9,79845388;5,07339700
9,80357388;5,07339700
9,80869388;5,07339700
9,81381388;5,07339700
9,81893388;5,07339700
9,82405388;5,07339700
9,82917388;5,07339700
9,83429388;5,07339700
9,83941388;4,98641900
9,84453388;5,07339700
9,84965388;5,07339700
9,85477388;5,07339700
9,85989388;5,07339700
9,86501388;5,07339700
9,87013388;5,07339700
9,87525388;5,07339700
9,88037388;4,98641900
9,88549388;5,07339700
9,89061388;5,07339700
9,89573388;5,07339700
9,90085388;5,07339700
9,90597388;5,07339700
9,91109388;5,07339700
9,91621388;5,07339700
9,92133388;5,07339700
9,92645388;5,07339700
9,93157388;5,07339700
9,93669388;5,07339700
9,94181388;5,07339700
9,94693388;5,07339700
9,95205388;5,07339700
9,95717388;5,07339700
9,96229388;5,07339700
9,96741388;5,07339700
9,97253388;5,07339700
9,97765388;5,07339700
9,98277388;5,07339700
9,98789388;5,07339700
9,99301388;5,07339700
9,99813388;4,98641900
10,00325388;5,07339700
10,00837388;5,07339700
10,01349388;5,07339700
10,01861388;5,07339700
10,02373388;5,07339700
10,02885388;0,03326517
10,03397388;1,59733900
10,03909388;0,03326517
10,04421388;0,03326517
10,04933388;-0,05371258
10,05445388;0,03326517
10,05957388;0,03326517
10,06469388;0,03326517
10,06981388;0,03326517
10,07493388;0,03326517
10,08005388;0,03326517
10,08517388;0,03326517
10,09029388;0,03326517
10,09541388;0,03326517
10,10053388;0,03326517
10,10565388;0,03326517
10,11077388;0,03326517
10,11589388;0,03326517
10,12101388;0,03326517
10,12613388;-0,05371258
10,13125388;0,03326517
10,13637388;0,03326517
10,14149388;0,03326517
10,14661388;0,03326517
10,15173388;0,03326517
10,15685388;-0,05371258
10,16197388;0,03326517
10,16709388;0,03326517
10,17221388;0,03326517
10,17733388;0,03326517
10,18245388;0,03326517
10,18757388;-0,05371258
10,19269388;0,03326517
10,19781388;0,03326517
10,20293388;-0,05371258
10,20805388;0,03326517
10,21317388;-0,05371258
10,21829388;0,03326517
10,22341388;0,03326517
10,22853388;0,03326517
10,23365388;0,03326517
10,23877388;0,03326517
10,24389388;0,03326517
10,24901388;-0,05371258
10,25413388;0,03326517
10,25925388;-0,05371258
10,26437388;0,03326517
10,26949388;0,03326517
10,27461388;-0,05371258
10,27973388;0,03326517
10,28485388;0,03326517
10,28997388;-0,05371258
10,29509388;-0,05371258
10,30021388;0,03326517
10,30533388;0,03326517
10,31045388;0,03326517
10,31557388;0,03326517
10,32069388;0,03326517
10,32581388;0,03326517
10,33093388;0,03326517
10,33605388;-0,05371258
10,34117388;0,03326517
10,34629388;0,03326517
10,35141388;0,03326517
10,35653388;0,03326517
10,36165388;0,03326517
10,36677388;0,03326517
10,37189388;-0,05371258
10,37701388;0,03326517
10,38213388;-0,05371258
10,38725388;0,03326517
10,39237388;0,03326517
10,39749388;0,03326517
10,40261388;0,03326517
10,40773388;0,03326517
10,41285388;0,03326517
10,41797388;0,03326517
10,42309388;0,03326517
10,42821388;-0,05371258
10,43333388;-0,05371258
10,43845388;0,03326517
10,44357388;-0,05371258
10,44869388;0,03326517
10,45381388;0,03326517
10,45893388;0,03326517
10,46405388;0,03326517
10,46917388;0,03326517
10,47429388;0,03326517
10,47941388;-0,05371258
10,48453388;0,03326517
10,48965388;0,03326517
10,49477388;0,03326517
10,49989388;0,03326517
10,50501388;0,03326517
10,51013388;0,03326517
10,51525388;-0,05371258
10,52037388;0,03326517
10,52549388;0,03326517
10,53061388;0,03326517
10,53573388;0,03326517
10,54085388;0,03326517
10,54597388;0,03326517
10,55109388;0,03326517
10,55621388;0,03326517
10,56133388;0,03326517
10,56645388;0,03326517
10,57157388;0,03326517
10,57669388;-0,05371258
10,58181387;0,03326517
10,58693387;0,03326517
10,59205387;0,03326517
10,59717387;0,03326517
10,60229387;-0,05371258
10,60741387;0,03326517
10,61253387;-0,05371258
10,61765387;0,03326517
10,62277387;-0,05371258
10,62789387;-0,05371258
10,63301387;0,03326517
10,63813387;0,03326517
10,64325387;0,03326517
10,64837387;0,03326517
10,65349387;-0,05371258
10,65861387;0,03326517
10,66373387;0,03326517
10,66885387;0,03326517
10,67397387;0,03326517
10,67909387;0,03326517
10,68421387;0,03326517
10,68933387;0,03326517
10,69445387;0,03326517
10,69957387;-0,05371258
10,70469387;0,03326517
10,70981387;-0,05371258
10,71493387;0,03326517
10,72005387;0,03326517
10,72517387;0,03326517
10,73029387;0,03326517
10,73541387;0,03326517
10,74053387;0,03326517
10,74565387;0,03326517
10,75077387;0,03326517
10,75589387;-0,05371258
10,76101387;0,03326517
10,76613387;0,03326517
10,77125387;0,03326517
10,77637387;0,03326517
10,78149387;0,03326517
10,78661387;0,03326517
10,79173387;0,03326517
10,79685387;0,03326517
10,80197387;0,03326517
10,80709387;0,03326517
10,81221387;0,03326517
10,81733387;-0,05371258
10,82245387;0,03326517
10,82757387;0,03326517
10,83269387;-0,05371258
10,83781387;0,03326517
10,84293387;0,03326517
10,84805387;0,03326517
10,85317387;0,03326517
10,85829387;0,03326517
10,86341387;0,03326517
10,86853387;0,03326517
10,87365387;0,03326517
10,87877387;-0,05371258
10,88389387;0,03326517
10,88901387;0,03326517
10,89413387;0,03326517
10,89925387;-0,05371258
10,90437387;0,03326517
10,90949387;0,03326517
10,91461387;0,03326517
10,91973387;0,03326517
10,92485387;0,03326517
10,92997387;-0,05371258
10,93509387;0,03326517
10,94021387;0,03326517
10,94533387;0,03326517
10,95045387;0,03326517
10,95557387;0,03326517
10,96069387;0,03326517
10,96581387;-0,05371258
10,97093387;0,03326517
10,97605387;0,03326517
10,98117387;0,03326517
10,98629387;0,03326517
10,99141387;0,03326517
10,99653387;-0,05371258
11,00165387;-0,05371258
11,00677387;0,03326517
11,01189387;-0,05371258
11,01701387;0,64119390
11,02213387;4,89944200
11,02725387;5,07339700
11,03237387;5,07339700
11,03749387;5,07339700
11,04261387;5,07339700
11,04773387;5,07339700
11,05285387;4,98641900
11,05797387;5,07339700
11,06309387;5,07339700
11,06821387;5,07339700
11,07333387;5,07339700
11,07845387;5,07339700
11,08357387;5,07339700
11,08869387;4,98641900
11,09381387;5,07339700
11,09893387;5,07339700
11,10405387;5,07339700
11,10917387;5,07339700
11,11429387;4,98641900
11,11941387;5,07339700
11,12453387;5,07339700
11,12965387;5,07339700
11,13477387;5,07339700
11,13989387;5,07339700
11,14501387;5,07339700
11,15013387;5,07339700
11,15525387;5,07339700
11,16037387;5,07339700
11,16549387;5,07339700
11,17061387;5,07339700
11,17573387;5,07339700
11,18085387;5,07339700
11,18597387;5,07339700
11,19109387;5,07339700
11,19621387;5,07339700
11,20133387;5,07339700
11,20645387;5,07339700
11,21157387;5,07339700
11,21669387;5,07339700
11,22181387;5,07339700
11,22693387;5,07339700
11,23205387;5,07339700
11,23717387;5,07339700
11,24229387;5,07339700
11,24741387;5,07339700
11,25253387;5,07339700
11,25765387;5,07339700
11,26277387;4,98641900
11,26789387;5,07339700
11,27301387;5,07339700
11,27813387;5,07339700
11,28325387;5,07339700
11,28837387;5,07339700
11,29349387;5,07339700
11,29861387;5,07339700
11,30373387;5,07339700
11,30885387;5,07339700
11,31397387;5,07339700
11,31909387;5,07339700
11,32421387;5,07339700
11,32933387;5,07339700
11,33445387;5,07339700
11,33957387;5,07339700
11,34469387;5,07339700
11,34981387;5,07339700
11,35493387;5,07339700
11,36005387;5,07339700
11,36517387;5,07339700
11,37029387;5,07339700
11,37541387;5,07339700
11,38053387;5,07339700
11,38565387;5,07339700
11,39077387;5,07339700
11,39589387;5,07339700
11,40101387;5,07339700
11,40613387;5,07339700
11,41125387;5,07339700
11,41637387;5,07339700
11,42149387;5,07339700
11,42661387;5,07339700
11,43173387;5,07339700
11,43685387;5,07339700
11,44197387;5,07339700
11,44709387;5,07339700
11,45221387;5,07339700
11,45733387;5,07339700
11,46245387;5,07339700
11,46757387;5,07339700
11,47269387;5,07339700
11,47781387;5,07339700
11,48293387;5,07339700
11,48805387;5,07339700
11,49317387;5,07339700
11,49829387;5,07339700
11,50341387;5,07339700
11,50853387;5,07339700
11,51365387;5,07339700
11,51877387;5,07339700
11,52389387;5,07339700
11,52901387;4,98641900
11,53413387;5,07339700
11,53925387;5,07339700
11,54437387;5,07339700
11,54949387;5,07339700
11,55461387;5,07339700
11,55973387;5,07339700
11,56485387;5,07339700
11,56997387;5,07339700
11,57509387;5,07339700
11,58021387;5,07339700
11,58533387;5,07339700
11,59045387;5,07339700
11,59557387;5,07339700
11,60069387;5,07339700
11,60581387;5,07339700
11,61093387;5,07339700
11,61605387;5,07339700
11,62117387;5,07339700
11,62629387;5,07339700
11,63141387;5,07339700
11,63653387;5,07339700
11,64165387;5,07339700
11,64677387;5,07339700
11,65189387;5,07339700
11,65701387;5,07339700
11,66213387;5,07339700
11,66725387;5,07339700
11,67237387;5,07339700
11,67749387;5,07339700
11,68261387;5,07339700
11,68773387;5,07339700
11,69285387;5,07339700
11,69797387;5,07339700
11,70309387;4,98641900
11,70821387;5,07339700
11,71333387;5,07339700
11,71845387;5,07339700
11,72357387;5,07339700
11,72869387;5,07339700
11,73381387;5,07339700
11,73893387;5,07339700
11,74405387;5,07339700
11,74917387;5,07339700
11,75429387;5,07339700
11,75941387;5,07339700
11,76453387;5,07339700
11,76965387;5,07339700
11,77477387;5,07339700
11,77989387;5,07339700
11,78501387;5,07339700
11,79013387;5,07339700
11,79525387;5,07339700
11,80037387;5,07339700
11,80549387;5,07339700
11,81061387;5,07339700
11,81573387;5,07339700
11,82085387;5,07339700
11,82597387;5,07339700
11,83109387;5,07339700
11,83621387;5,07339700
11,84133387;5,07339700
11,84645387;5,07339700
11,85157387;5,07339700
11,85669387;5,07339700
11,86181387;5,07339700
11,86693387;5,07339700
11,87205387;5,07339700
11,87717387;5,07339700
11,88229387;5,07339700
11,88741387;5,07339700
11,89253387;5,07339700
11,89765387;5,07339700
11,90277387;5,16006900
11,90789387;5,07339700
11,91301387;5,07339700
11,91813387;5,07339700
11,92325387;5,07339700
11,92837387;5,07339700
11,93349387;4,98641900
11,93861387;5,07339700
11,94373387;5,07339700
11,94885387;5,07339700
11,95397387;5,07339700
11,95909387;5,07339700
11,96421387;5,07339700
11,96933387;4,98641900
11,97445387;5,07339700
11,97957387;5,07339700
11,98469387;5,07339700
11,98981387;5,07339700
11,99493387;5,07339700
12,00005387;5,07339700
12,00517387;5,07339700
12,01029387;4,98641900
12,01541387;5,07339700
12,02053387;5,07339700
12,02565387;3,24839000
12,03077387;0,20691550
12,03589387;0,03326517
12,04101387;0,03326517
12,04613387;0,03326517
12,05125387;0,03326517
12,05637387;0,03326517
12,06149387;0,03326517
12,06661387;0,03326517
12,07173387;0,03326517
12,07685387;0,03326517
12,08197387;0,03326517
12,08709387;0,03326517
12,09221387;0,03326517
12,09733387;0,03326517
12,10245387;0,03326517
12,10757387;-0,05371258
12,11269387;0,03326517
12,11781387;0,03326517
12,12293387;0,03326517
12,12805387;0,03326517
12,13317387;0,03326517
12,13829387;0,03326517
12,14341387;0,03326517
12,14853387;-0,05371258
12,15365387;0,03326517
12,15877387;0,03326517
12,16389387;0,03326517
12,16901387;0,03326517
12,17413387;-0,05371258
12,17925387;-0,05371258
12,18437387;0,03326517
12,18949387;0,03326517
12,19461387;0,03326517
12,19973387;0,03326517
12,20485387;0,03326517
12,20997387;0,03326517
12,21509387;0,03326517
12,22021387;0,03326517
12,22533386;0,03326517
12,23045386;0,03326517
12,23557386;0,03326517
12,24069386;0,03326517
12,24581386;0,03326517
12,25093386;0,03326517
12,25605386;0,03326517
12,26117386;0,03326517
12,26629386;-0,05371258
12,27141386;0,03326517
12,27653386;0,03326517
12,28165386;-0,05371258
12,28677386;-0,05371258
12,29189386;0,03326517
12,29701386;0,03326517
12,30213386;0,03326517
12,30725386;0,03326517
12,31237386;0,03326517
12,31749386;0,03326517
12,32261386;0,03326517
12,32773386;0,03326517
12,33285386;0,03326517
12,33797386;0,03326517
12,34309386;0,03326517
12,34821386;-0,05371258
12,35333386;0,03326517
12,35845386;0,03326517
12,36357386;0,03326517
12,36869386;0,03326517
12,37381386;0,03326517
12,37893386;0,03326517
12,38405386;-0,05371258
12,38917386;-0,05371258
12,39429386;0,03326517
12,39941386;0,03326517
12,40453386;0,03326517
12,40965386;0,03326517
12,41477386;0,03326517
12,41989386;0,03326517
12,42501386;0,03326517
12,43013386;0,03326517
12,43525386;0,03326517
12,44037386;0,03326517
12,44549386;-0,05371258
12,45061386;-0,05371258
12,45573386;0,03326517
12,46085386;0,03326517
12,46597386;0,03326517
12,47109386;0,03326517
12,47621386;0,03326517
12,48133386;0,03326517
12,48645386;-0,05371258
12,49157386;0,03326517
12,49669386;0,03326517
12,50181386;0,03326517
12,50693386;0,03326517
12,51205386;0,03326517
12,51717386;0,03326517
12,52229386;0,03326517
12,52741386;0,03326517
12,53253386;-0,05371258
12,53765386;0,03326517
12,54277386;0,03326517
12,54789386;0,03326517
12,55301386;0,03326517
12,55813386;0,03326517
12,56325386;0,03326517
12,56837386;0,03326517
12,57349386;0,03326517
12,57861386;0,03326517
12,58373386;0,03326517
12,58885386;-0,05371258
12,59397386;0,03326517
12,59909386;0,03326517
12,60421386;0,03326517
12,60933386;0,03326517
12,61445386;0,03326517
12,61957386;0,03326517
12,62469386;0,03326517
12,62981386;0,03326517
12,63493386;-0,05371258
12,64005386;0,03326517
12,64517386;0,03326517
12,65029386;-0,05371258
12,65541386;0,03326517
12,66053386;0,03326517
12,66565386;0,03326517
12,67077386;0,03326517
12,67589386;0,03326517
12,68101386;0,03326517
12,68613386;0,03326517
12,69125386;0,03326517
12,69637386;0,03326517
12,70149386;-0,05371258
12,70661386;0,03326517
12,71173386;0,03326517
12,71685386;0,03326517
12,72197386;0,03326517
12,72709386;0,03326517
12,73221386;0,03326517
12,73733386;0,03326517
12,74245386;0,03326517
12,74757386;0,03326517
12,75269386;0,03326517
12,75781386;0,03326517
12,76293386;-0,05371258
12,76805386;0,03326517
12,77317386;0,03326517
12,77829386;0,03326517
12,78341386;0,03326517
12,78853386;0,03326517
12,79365386;-0,05371258
12,79877386;0,03326517
12,80389386;0,03326517
12,80901386;0,03326517
12,81413386;0,03326517
12,81925386;0,03326517
12,82437386;0,03326517
12,82949386;0,03326517
12,83461386;0,03326517
12,83973386;0,03326517
12,84485386;-0,05371258
12,84997386;0,03326517
12,85509386;0,03326517
12,86021386;0,03326517
12,86533386;0,03326517
12,87045386;0,03326517
12,87557386;0,03326517
12,88069386;-0,05371258
12,88581386;-0,05371258
12,89093386;0,03326517
12,89605386;0,03326517
12,90117386;0,03326517
12,90629386;0,03326517
12,91141386;0,03326517
12,91653386;0,03326517
12,92165386;0,03326517
12,92677386;0,03326517
12,93189386;0,03326517
12,93701386;0,03326517
12,94213386;0,03326517
12,94725386;0,03326517
12,95237386;0,03326517
12,95749386;-0,05371258
12,96261386;0,03326517
12,96773386;0,03326517
12,97285386;0,03326517
12,97797386;0,03326517
12,98309386;0,03326517
12,98821386;-0,05371258
12,99333386;0,03326517
12,99845386;0,03326517
13,00357386;-0,05371258
13,00869386;-0,05371258
13,01381386;0,03326517
13,01893386;0,03326517
13,02405386;0,03326517
13,02917386;0,03326517
13,03429386;2,55317900
13,03941386;0,29358810
13,04453386;2,90078400
13,04965386;2,20557300
13,05477386;3,94360200
13,05989386;3,50901800
13,06501386;4,98641900
13,07013386;4,98641900
13,07525386;4,63881300
13,08037386;5,07339700
13,08549386;5,07339700
13,09061386;5,07339700
13,09573386;5,07339700
13,10085386;5,07339700
13,10597386;5,07339700
13,11109386;4,98641900
13,11621386;5,07339700
13,12133386;5,07339700
13,12645386;5,07339700
13,13157386;5,07339700
13,13669386;5,07339700
13,14181386;5,07339700
13,14693386;5,07339700
13,15205386;5,07339700
13,15717386;5,07339700
13,16229386;5,07339700
13,16741386;5,07339700
13,17253386;5,07339700
13,17765386;5,07339700
13,18277386;5,07339700
13,18789386;5,07339700
13,19301386;5,07339700
13,19813386;4,98641900
13,20325386;5,07339700
13,20837386;3,42204000
13,21349386;5,07339700
13,21861386;4,98641900
13,22373386;3,24839000
13,22885386;5,07339700
13,23397386;2,90078400
13,23909386;3,50901800
13,24421386;3,59599600
13,24933386;3,59599600
13,25445386;2,55317900
13,25957386;3,68297400
13,26469386;1,51036100
13,26981386;2,46620100
13,27493386;2,29255000
13,28005386;1,68401100
13,28517386;1,42338300
13,29029386;1,85796700
13,29541386;0,20691550
13,30053386;0,46754360
13,30565386;0,38056580
13,31077386;0,03326517
13,31589386;0,03326517
13,32101386;0,03326517
13,32613386;0,03326517
13,33125386;0,03326517
13,33637386;0,03326517
13,34149386;0,03326517
13,34661386;0,03326517
13,35173386;0,03326517
13,35685386;0,03326517
13,36197386;0,03326517
13,36709386;0,03326517
13,37221386;0,03326517
13,37733386;0,03326517
13,38245386;0,03326517
13,38757386;0,03326517
13,39269386;0,03326517
13,39781386;0,03326517
13,40293386;0,03326517
13,40805386;0,03326517
13,41317386;0,03326517
13,41829386;0,03326517
13,42341386;0,03326517
13,42853386;0,03326517
13,43365386;0,03326517
13,43877386;0,03326517
13,44389386;0,03326517
13,44901386;0,03326517
13,45413386;0,03326517
13,45925386;0,03326517
13,46437386;0,03326517
13,46949386;0,03326517
13,47461386;0,03326517
13,47973386;0,03326517
13,48485386;0,03326517
13,48997386;0,03326517
13,49509386;0,03326517
13,50021386;0,03326517
13,50533386;0,03326517
13,51045386;0,03326517
13,51557386;0,03326517
13,52069386;0,03326517
13,52581386;0,03326517
13,53093386;0,03326517
13,53605386;0,03326517
13,54117386;0,03326517
13,54629386;0,03326517
13,55141386;0,03326517
13,55653386;-0,05371258
13,56165386;0,03326517
13,56677386;0,03326517
13,57189386;0,03326517
13,57701386;0,03326517
13,58213386;0,03326517
13,58725386;0,03326517
13,59237386;0,03326517
13,59749386;0,03326517
13,60261386;0,03326517
13,60773386;0,03326517
13,61285386;0,03326517
13,61797386;0,03326517
13,62309386;0,03326517
13,62821386;0,03326517
13,63333386;0,03326517
13,63845386;0,03326517
13,64357386;0,03326517
13,64869386;0,03326517
13,65381386;0,03326517
13,65893386;0,03326517
13,66405386;0,03326517
13,66917386;0,03326517
13,67429386;-0,05371258
13,67941386;0,03326517
13,68453386;0,03326517
13,68965386;0,03326517
13,69477386;0,03326517
13,69989386;0,03326517
13,70501386;0,03326517
13,71013386;0,03326517
13,71525386;0,03326517
13,72037386;0,03326517
13,72549386;0,03326517
13,73061386;0,03326517
13,73573386;0,03326517
13,74085386;0,03326517
13,74597386;0,03326517
13,75109386;0,03326517
13,75621386;0,03326517
13,76133386;-0,05371258
13,76645386;0,03326517
13,77157386;0,03326517
13,77669386;0,03326517
13,78181386;0,03326517
13,78693386;0,03326517
13,79205386;0,03326517
13,79717386;0,03326517
13,80229386;0,03326517
13,80741386;0,03326517
13,81253386;0,03326517
13,81765386;0,03326517
13,82277386;-0,05371258
13,82789386;0,03326517
13,83301386;0,03326517
13,83813386;0,03326517
13,84325386;0,03326517
13,84837386;0,03326517
13,85349386;0,03326517
13,85861386;0,03326517
13,86373386;0,03326517
13,86885386;0,03326517
13,87397385;0,03326517
13,87909385;-0,05371258
13,88421385;0,03326517
13,88933385;0,03326517
13,89445385;0,03326517
13,89957385;0,03326517
13,90469385;-0,05371258
13,90981385;0,03326517
13,91493385;0,03326517
13,92005385;-0,05371258
13,92517385;-0,05371258
13,93029385;0,03326517
13,93541385;0,03326517
13,94053385;0,03326517
13,94565385;0,03326517
13,95077385;0,03326517
13,95589385;0,03326517
13,96101385;0,03326517
13,96613385;0,03326517
13,97125385;0,03326517
13,97637385;-0,05371258
13,98149385;0,03326517
13,98661385;0,03326517
13,99173385;-0,05371258
13,99685385;0,03326517
14,00197385;0,03326517
14,00709385;0,03326517
14,01221385;0,03326517
14,01733385;0,03326517
14,02245385;-0,05371258
14,02757385;0,03326517
14,03269385;0,03326517
14,03781385;0,03326517
14,04293385;-0,05371258
14,04805385;0,03326517
14,05317385;-0,05371258
14,05829385;-0,05371258
14,06341385;0,03326517
14,06853385;0,03326517
14,07365385;0,03326517
14,07877385;0,03326517
14,08389385;0,03326517
14,08901385;0,03326517
14,09413385;0,03326517
14,09925385;0,03326517
14,10437385;0,03326517
14,10949385;0,03326517
14,11461385;0,03326517
14,11973385;0,03326517
14,12485385;0,03326517
14,12997385;0,03326517
14,13509385;0,03326517
14,14021385;-0,05371258
14,14533385;-0,05371258
14,15045385;0,03326517
14,15557385;0,03326517
14,16069385;0,03326517
14,16581385;0,03326517
14,17093385;0,03326517
14,17605385;-0,05371258
14,18117385;-0,05371258
14,18629385;0,03326517
14,19141385;-0,05371258
14,19653385;-0,05371258
14,20165385;0,03326517
14,20677385;0,03326517
14,21189385;0,03326517
14,21701385;-0,05371258
14,22213385;0,03326517
14,22725385;0,03326517
14,23237385;0,03326517
14,23749385;-0,05371258
14,24261385;0,03326517
14,24773385;0,03326517
14,25285385;0,03326517
14,25797385;0,03326517
14,26309385;0,03326517
14,26821385;0,03326517
14,27333385;0,03326517
14,27845385;0,03326517
14,28357385;0,03326517
14,28869385;0,03326517
14,29381385;0,03326517
14,29893385;0,03326517
14,30405385;-0,05371258
14,30917385;0,03326517
14,31429385;0,03326517
14,31941385;0,03326517
14,32453385;0,03326517
14,32965385;0,03326517
14,33477385;0,03326517
14,33989385;0,03326517
14,34501385;0,03326517
14,35013385;0,03326517
14,35525385;0,03326517
14,36037385;0,03326517
14,36549385;0,03326517
14,37061385;0,03326517
14,37573385;0,03326517
14,38085385;0,03326517
14,38597385;0,03326517
14,39109385;0,03326517
14,39621385;0,03326517
14,40133385;0,03326517
14,40645385;0,03326517
14,41157385;0,03326517
14,41669385;0,03326517
14,42181385;0,03326517
14,42693385;0,03326517
14,43205385;0,03326517
14,43717385;0,03326517
14,44229385;0,03326517
14,44741385;0,03326517
14,45253385;-0,05371258
14,45765385;0,03326517
14,46277385;0,03326517
14,46789385;0,03326517
14,47301385;0,03326517
14,47813385;0,03326517
14,48325385;0,03326517
14,48837385;0,03326517
14,49349385;0,03326517
14,49861385;0,03326517
14,50373385;0,03326517
14,50885385;0,03326517
14,51397385;-0,05371258
14,51909385;0,03326517
14,52421385;0,03326517
14,52933385;0,03326517
14,53445385;0,03326517
14,53957385;0,03326517
14,54469385;0,03326517
14,54981385;0,03326517
14,55493385;0,03326517
14,56005385;0,03326517
14,56517385;0,03326517
14,57029385;0,03326517
14,57541385;0,03326517
14,58053385;0,03326517
14,58565385;0,03326517
14,59077385;0,03326517
14,59589385;0,03326517
14,60101385;0,03326517
14,60613385;0,03326517
14,61125385;0,03326517
14,61637385;0,03326517
14,62149385;0,03326517
14,62661385;-0,05371258
14,63173385;0,03326517
14,63685385;-0,05371258
14,64197385;0,03326517
14,64709385;0,03326517
14,65221385;0,03326517
14,65733385;0,03326517
14,66245385;-0,05371258
14,66757385;0,03326517
14,67269385;0,03326517
14,67781385;0,03326517
14,68293385;0,03326517
14,68805385;-0,05371258
14,69317385;0,03326517
14,69829385;0,03326517
14,70341385;0,03326517
14,70853385;0,03326517
14,71365385;0,03326517
14,71877385;0,03326517
14,72389385;0,03326517
14,72901385;-0,05371258
14,73413385;-0,05371258
14,73925385;0,03326517
14,74437385;0,03326517
14,74949385;0,03326517
14,75461385;-0,05371258
14,75973385;0,03326517
14,76485385;0,03326517
14,76997385;0,03326517
14,77509385;0,03326517
14,78021385;0,03326517
14,78533385;0,03326517
14,79045385;0,03326517
14,79557385;0,03326517
14,80069385;0,03326517
14,80581385;-0,05371258
14,81093385;0,03326517
14,81605385;-0,05371258
14,82117385;-0,05371258
14,82629385;0,03326517
14,83141385;0,03326517
14,83653385;0,03326517
14,84165385;0,03326517
14,84677385;0,03326517
14,85189385;0,03326517
14,85701385;0,03326517
14,86213385;0,03326517
14,86725385;0,03326517
14,87237385;0,03326517
14,87749385;0,03326517
14,88261385;0,03326517
14,88773385;-0,05371258
14,89285385;0,03326517
14,89797385;0,03326517
14,90309385;-0,05371258
14,90821385;0,03326517
14,91333385;-0,05371258
14,91845385;0,03326517
14,92357385;0,03326517
14,92869385;0,03326517
14,93381385;0,03326517
14,93893385;-0,05371258
14,94405385;-0,05371258
14,94917385;0,03326517
14,95429385;0,03326517
14,95941385;0,03326517
14,96453385;0,03326517
14,96965385;0,03326517
14,97477385;0,03326517
14,97989385;0,03326517
14,98501385;0,03326517
14,99013385;0,03326517
14,99525385;0,03326517
15,00037385;0,03326517
15,00549385;0,03326517
15,01061385;0,03326517
15,01573385;0,03326517
15,02085385;-0,05371258
15,02597385;0,03326517
15,03109385;0,03326517
15,03621385;-0,05371258
15,04133385;0,03326517
15,04645385;0,03326517
15,05157385;0,03326517
15,05669385;-0,05371258
15,06181385;-0,05371258
15,06693385;0,03326517
15,07205385;-0,05371258
15,07717385;0,03326517
15,08229385;-0,05371258
15,08741385;0,03326517
15,09253385;0,03326517
15,09765385;0,03326517
15,10277385;0,03326517
15,10789385;0,03326517
15,11301385;0,03326517
15,11813385;0,03326517
15,12325385;0,03326517
15,12837385;0,03326517
15,13349385;0,03326517
15,13861385;0,03326517
15,14373385;0,03326517
15,14885385;0,03326517
15,15397385;0,03326517
15,15909385;0,03326517
15,16421385;0,03326517
15,16933385;-0,05371258
15,17445385;0,03326517
15,17957385;0,03326517
15,18469385;0,03326517
15,18981385;-0,05371258
15,19493385;0,03326517
15,20005385;0,03326517
15,20517385;0,03326517
15,21029385;-0,05371258
15,21541385;0,03326517
15,22053385;0,03326517
15,22565385;0,03326517
15,23077385;0,03326517
15,23589385;0,03326517
15,24101385;0,03326517
15,24613385;0,03326517
15,25125385;0,03326517
15,25637385;0,03326517
15,26149385;-0,05371258
15,26661385;0,03326517
15,27173385;0,03326517
15,27685385;0,03326517
15,28197385;-0,05371258
15,28709385;0,03326517
15,29221385;0,03326517
15,29733385;0,03326517
15,30245385;0,03326517
15,30757385;0,03326517
15,31269385;0,03326517
15,31781385;0,03326517
15,32293385;0,03326517
15,32805385;0,03326517
15,33317385;0,03326517
15,33829385;0,03326517
15,34341385;-0,05371258
15,34853385;-0,05371258
15,35365385;-0,05371258
15,35877385;-0,05371258
15,36389385;-0,05371258
15,36901385;0,03326517
15,37413385;0,03326517
15,37925385;0,03326517
15,38437385;-0,05371258
15,38949385;0,03326517
15,39461385;0,03326517
15,39973385;0,03326517
15,40485385;-0,05371258
15,40997385;0,03326517
15,41509385;0,03326517
15,42021385;-0,05371258
15,42533385;0,03326517
15,43045385;-0,05371258
15,43557385;0,03326517
15,44069385;-0,05371258
15,44581385;-0,05371258
15,45093385;0,03326517
15,45605385;-0,05371258
15,46117385;0,03326517
15,46629385;0,03326517
15,47141385;-0,05371258
15,47653385;0,03326517
15,48165385;0,03326517
15,48677385;0,03326517
15,49189385;0,03326517
15,49701385;-0,05371258
15,50213385;0,03326517
15,50725385;0,03326517
15,51237385;0,03326517
15,51749384;0,03326517
15,52261384;0,03326517
15,52773384;0,03326517
15,53285384;-0,05371258
15,53797384;0,03326517
15,54309384;0,03326517
15,54821384;-0,05371258
15,55333384;0,03326517
15,55845384;0,03326517
15,56357384;0,03326517
15,56869384;0,03326517
15,57381384;-0,05371258
15,57893384;0,03326517
15,58405384;0,03326517
15,58917384;0,03326517
15,59429384;0,03326517
15,59941384;0,03326517
15,60453384;0,03326517
15,60965384;0,03326517
15,61477384;0,03326517
15,61989384;0,03326517
15,62501384;-0,05371258
15,63013384;-0,05371258
15,63525384;0,03326517
15,64037384;0,03326517
15,64549384;0,03326517
15,65061384;0,03326517
15,65573384;0,03326517
15,66085384;0,03326517
15,66597384;0,03326517
15,67109384;-0,05371258
15,67621384;-0,05371258
15,68133384;0,03326517
15,68645384;0,03326517
15,69157384;-0,05371258
15,69669384;0,03326517
15,70181384;0,03326517
15,70693384;-0,05371258
15,71205384;0,03326517
15,71717384;0,03326517
15,72229384;0,03326517
15,72741384;-0,05371258
15,73253384;0,03326517
15,73765384;0,03326517
15,74277384;-0,05371258
15,74789384;0,03326517
15,75301384;0,03326517
15,75813384;-0,05371258
15,76325384;0,03326517
15,76837384;0,03326517
15,77349384;0,03326517
15,77861384;-0,05371258
15,78373384;0,03326517
15,78885384;0,03326517
15,79397384;-0,05371258
15,79909384;-0,05371258
15,80421384;0,03326517
15,80933384;0,03326517
15,81445384;-0,05371258
15,81957384;0,03326517
15,82469384;0,03326517
15,82981384;0,03326517
15,83493384;-0,05371258
15,84005384;-0,05371258
15,84517384;-0,05371258
15,85029384;0,03326517
15,85541384;0,03326517
15,86053384;0,03326517
15,86565384;0,03326517
15,87077384;0,03326517
15,87589384;0,03326517
15,88101384;0,03326517
15,88613384;0,03326517
15,89125384;-0,05371258
15,89637384;0,03326517
15,90149384;-0,05371258
15,90661384;-0,05371258
15,91173384;0,03326517
15,91685384;0,03326517
15,92197384;-0,05371258
15,92709384;0,03326517
15,93221384;-0,05371258
15,93733384;0,03326517
15,94245384;-0,05371258
15,94757384;0,03326517
15,95269384;-0,05371258
15,95781384;0,03326517
15,96293384;-0,05371258
15,96805384;-0,05371258
15,97317384;0,03326517
15,97829384;0,03326517
15,98341384;0,03326517
15,98853384;0,03326517
15,99365384;0,03326517
15,99877384;0,03326517
16,00389384;-0,05371258
16,00901384;-0,05371258
16,01413384;-0,05371258
16,01925384;0,03326517
16,02437384;0,03326517
16,02949384;0,03326517
16,03461384;0,03326517
16,03973384;0,03326517
16,04485384;0,03326517
16,04997384;-0,05371258
16,05509384;0,03326517
16,06021384;0,03326517
16,06533384;0,03326517
16,07045384;0,03326517
16,07557384;-0,05371258
16,08069384;0,03326517
16,08581384;0,03326517
16,09093384;0,03326517
16,09605384;0,03326517
16,10117384;0,03326517
16,10629384;0,03326517
16,11141384;0,03326517
16,11653384;0,03326517
16,12165384;0,03326517
16,12677384;0,03326517
16,13189384;0,03326517
16,13701384;0,03326517
16,14213384;0,03326517
16,14725384;0,03326517
16,15237384;0,03326517
16,15749384;0,03326517
16,16261384;0,03326517
16,16773384;0,03326517
16,17285384;0,03326517
16,17797384;0,03326517
16,18309384;0,03326517
16,18821384;0,03326517
16,19333384;0,03326517
16,19845384;0,03326517
16,20357384;0,03326517
16,20869384;-0,05371258
16,21381384;0,03326517
16,21893384;0,03326517
16,22405384;0,03326517
16,22917384;-0,05371258
16,23429384;0,03326517
16,23941384;0,03326517
16,24453384;-0,05371258
16,24965384;0,03326517
16,25477384;0,03326517
16,25989384;0,03326517
16,26501384;0,03326517
16,27013384;0,03326517
16,27525384;0,03326517
16,28037384;0,03326517
16,28549384;0,03326517
16,29061384;0,03326517
16,29573384;0,03326517
16,30085384;-0,05371258
16,30597384;0,03326517
16,31109384;0,03326517
16,31621384;-0,05371258
16,32133384;0,03326517
16,32645384;-0,05371258
16,33157384;0,03326517
16,33669384;-0,05371258
16,34181384;0,03326517
16,34693384;0,03326517
16,35205384;0,03326517
16,35717384;0,03326517
16,36229384;0,03326517
16,36741384;0,03326517
16,37253384;0,03326517
16,37765384;0,03326517
16,38277384;0,03326517
16,38789384;0,03326517
16,39301384;0,03326517
16,39813384;0,03326517
16,40325384;0,03326517
16,40837384;-0,05371258
16,41349384;0,03326517
16,41861384;-0,05371258
16,42373384;0,03326517
16,42885384;0,03326517
16,43397384;0,03326517
16,43909384;-0,05371258
16,44421384;0,03326517
16,44933384;0,03326517
16,45445384;0,03326517
16,45957384;0,03326517
16,46469384;0,03326517
16,46981384;0,03326517
16,47493384;0,03326517
16,48005384;0,03326517
16,48517384;-0,05371258
16,49029384;0,03326517
16,49541384;0,03326517
16,50053384;0,03326517
16,50565384;0,03326517
16,51077384;0,03326517
16,51589384;0,03326517
16,52101384;0,03326517
16,52613384;-0,05371258
16,53125384;-0,05371258
16,53637384;-0,05371258
16,54149384;0,03326517
16,54661384;0,03326517
16,55173384;0,03326517
16,55685384;0,03326517
16,56197384;0,03326517
16,56709384;0,03326517
16,57221384;0,03326517
16,57733384;-0,05371258
16,58245384;0,03326517
16,58757384;0,03326517
16,59269384;0,03326517
16,59781384;0,03326517
16,60293384;0,03326517
16,60805384;-0,05371258
16,61317384;0,03326517
16,61829384;0,03326517
16,62341384;-0,05371258
16,62853384;0,03326517
16,63365384;0,03326517
16,63877384;0,03326517
16,64389384;0,03326517
16,64901384;0,03326517
16,65413384;0,03326517
16,65925384;0,03326517
16,66437384;0,03326517
16,66949384;-0,05371258
16,67461384;0,03326517
16,67973384;0,03326517
16,68485384;0,03326517
16,68997384;0,03326517
16,69509384;0,03326517
16,70021384;-0,05371258
16,70533384;0,03326517
16,71045384;0,03326517
16,71557384;-0,05371258
16,72069384;-0,05371258
16,72581384;0,03326517
16,73093384;-0,05371258
16,73605384;0,03326517
16,74117384;0,03326517
16,74629384;-0,05371258
16,75141384;-0,05371258
16,75653384;0,03326517
16,76165384;0,03326517
16,76677384;0,03326517
16,77189384;0,03326517
16,77701384;-0,05371258
16,78213384;0,03326517
16,78725384;-0,05371258
16,79237384;0,03326517
16,79749384;0,03326517
16,80261384;0,03326517
16,80773384;0,03326517
16,81285384;0,03326517
16,81797384;0,03326517
16,82309384;0,03326517
16,82821384;-0,05371258
16,83333384;-0,05371258
16,83845384;0,03326517
16,84357384;0,03326517
16,84869384;0,03326517
16,85381384;0,03326517
16,85893384;0,03326517
16,86405384;0,03326517
16,86917384;0,03326517
16,87429384;0,03326517
16,87941384;-0,05371258
16,88453384;-0,05371258
16,88965384;0,03326517
16,89477384;0,03326517
16,89989384;0,03326517
16,90501384;0,03326517
16,91013384;0,03326517
16,91525384;0,03326517
16,92037384;0,03326517
16,92549384;0,03326517
16,93061384;0,03326517
16,93573384;-0,05371258
16,94085384;0,03326517
16,94597384;0,03326517
16,95109384;0,03326517
16,95621384;0,03326517
16,96133384;0,03326517
16,96645384;0,03326517
16,97157384;0,03326517
16,97669384;0,03326517
16,98181384;-0,05371258
16,98693384;0,03326517
16,99205384;-0,05371258
16,99717384;0,03326517
17,00229384;0,03326517
17,00741384;0,03326517
17,01253384;-0,05371258
17,01765384;0,03326517
17,02277384;0,03326517
17,02789384;-0,05371258
17,03301384;0,03326517
17,03813384;-0,05371258
17,04325384;0,03326517
17,04837384;0,03326517
17,05349384;-0,05371258
17,05861384;0,03326517
17,06373384;0,03326517
17,06885384;0,03326517
17,07397384;0,03326517
17,07909384;0,03326517
17,08421384;0,03326517
17,08933384;-0,05371258
17,09445384;0,03326517
17,09957384;0,03326517
17,10469384;0,03326517
17,10981384;0,03326517
17,11493384;0,03326517
17,12005384;0,03326517
17,12517384;0,03326517
17,13029384;0,03326517
17,13541384;0,03326517
17,14053384;0,03326517
17,14565384;0,03326517
17,15077384;-0,05371258
17,15589384;-0,05371258
17,16101383;-0,05371258
17,16613383;0,03326517
17,17125383;0,03326517
17,17637383;0,03326517
17,18149383;0,03326517
17,18661383;0,03326517
17,19173383;-0,05371258
17,19685383;0,03326517
17,20197383;0,03326517
17,20709383;0,03326517
17,21221383;0,03326517
17,21733383;0,03326517
17,22245383;0,03326517
17,22757383;0,03326517
17,23269383;0,03326517
17,23781383;0,03326517
17,24293383;0,03326517
17,24805383;0,03326517
17,25317383;0,03326517
17,25829383;0,03326517
17,26341383;0,03326517
17,26853383;0,03326517
17,27365383;0,03326517
17,27877383;0,03326517
17,28389383;0,03326517
17,28901383;-0,05371258
17,29413383;-0,05371258
17,29925383;0,03326517
17,30437383;-0,05371258
17,30949383;0,03326517
17,31461383;-0,05371258
17,31973383;0,03326517
17,32485383;0,03326517
17,32997383;0,03326517
17,33509383;0,03326517
17,34021383;0,03326517
17,34533383;0,03326517
17,35045383;0,03326517
17,35557383;0,03326517
17,36069383;0,03326517
17,36581383;0,03326517
17,37093383;0,03326517
17,37605383;-0,05371258
17,38117383;0,03326517
17,38629383;0,03326517
17,39141383;0,03326517
17,39653383;-0,05371258
17,40165383;0,03326517
17,40677383;0,03326517
17,41189383;0,03326517
17,41701383;0,03326517
17,42213383;0,03326517
17,42725383;0,03326517
17,43237383;0,03326517
17,43749383;0,03326517
17,44261383;-0,05371258
17,44773383;0,03326517
17,45285383;0,03326517
17,45797383;0,03326517
17,46309383;-0,05371258
17,46821383;0,03326517
17,47333383;-0,05371258
17,47845383;0,03326517
17,48357383;0,03326517
17,48869383;0,03326517
17,49381383;0,03326517
17,49893383;0,03326517
17,50405383;0,03326517
17,50917383;-0,05371258
17,51429383;0,03326517
17,51941383;0,03326517
17,52453383;0,03326517
17,52965383;0,03326517
17,53477383;0,03326517
17,53989383;0,03326517
17,54501383;0,03326517
17,55013383;0,03326517
17,55525383;-0,05371258
17,56037383;0,03326517
17,56549383;0,03326517
17,57061383;-0,05371258
17,57573383;0,03326517
17,58085383;0,03326517
17,58597383;0,03326517
17,59109383;0,03326517
17,59621383;-0,05371258
17,60133383;0,03326517
17,60645383;0,03326517
17,61157383;-0,05371258
17,61669383;0,03326517
17,62181383;0,03326517
17,62693383;-0,05371258
17,63205383;-0,05371258
17,63717383;0,03326517
17,64229383;0,03326517
17,64741383;0,03326517
17,65253383;0,03326517
17,65765383;-0,05371258
17,66277383;0,03326517
17,66789383;-0,05371258
17,67301383;-0,05371258
17,67813383;0,03326517
17,68325383;0,03326517
17,68837383;0,03326517
17,69349383;0,03326517
17,69861383;0,03326517
17,70373383;0,03326517
17,70885383;0,03326517
17,71397383;0,03326517
17,71909383;-0,05371258
17,72421383;0,03326517
17,72933383;0,03326517
17,73445383;0,03326517
17,73957383;-0,05371258
17,74469383;0,03326517
17,74981383;-0,05371258
17,75493383;-0,05371258
17,76005383;-0,05371258
17,76517383;-0,05371258
17,77029383;0,03326517
17,77541383;0,03326517
17,78053383;0,03326517
17,78565383;0,03326517
17,79077383;0,03326517
17,79589383;0,03326517
17,80101383;0,03326517
17,80613383;-0,05371258
17,81125383;0,03326517
17,81637383;0,03326517
17,82149383;0,03326517
17,82661383;0,03326517
17,83173383;0,03326517
17,83685383;0,03326517
17,84197383;-0,05371258
17,84709383;-0,05371258
17,85221383;0,03326517
17,85733383;0,03326517
17,86245383;0,03326517
17,86757383;0,03326517
17,87269383;0,03326517
17,87781383;0,03326517
17,88293383;-0,05371258
17,88805383;-0,05371258
17,89317383;0,03326517
17,89829383;0,03326517
17,90341383;0,03326517
17,90853383;-0,05371258
17,91365383;0,03326517
17,91877383;0,03326517
17,92389383;0,03326517
17,92901383;0,03326517
17,93413383;0,03326517
17,93925383;-0,05371258
17,94437383;0,03326517
17,94949383;0,03326517
17,95461383;0,03326517
17,95973383;0,03326517
17,96485383;0,03326517
17,96997383;0,03326517
17,97509383;-0,05371258
17,98021383;-0,05371258
17,98533383;-0,05371258
17,99045383;-0,05371258
17,99557383;-0,05371258
18,00069383;0,03326517
18,00581383;0,03326517
